date,BOVA11.SA,IVVB11.SA,IMAB11.SA,USDBRL=X,CDI
2015-01-01,101.511306,124.926288,135.720027,3.915465,10.0
2015-01-02,101.609082,124.989097,135.74754,3.916355,10.00035
2015-01-05,101.702722,125.048808,135.77502,3.917199,10.0007
2015-01-06,101.792219,125.105421,135.802467,3.917995,10.00105
2015-01-07,101.877581,125.158942,135.82988,3.918745,10.0014
2015-01-08,101.958825,125.209381,135.857258,3.919448,10.00175
2015-01-09,102.035984,125.256755,135.884601,3.920105,10.0021
2015-01-12,102.109099,125.301086,135.911908,3.920715,10.00245
2015-01-13,102.178224,125.342401,135.939177,3.921279,10.0028
2015-01-14,102.243428,125.380734,135.966408,3.921798,10.00315
2015-01-15,102.304786,125.416122,135.9936,3.92227,10.003501
2015-01-16,102.362387,125.448609,136.020752,3.922697,10.003851
2015-01-19,102.416332,125.478244,136.047863,3.92308,10.004201
2015-01-20,102.466729,125.505081,136.074933,3.923417,10.004551
2015-01-21,102.513701,125.529177,136.10196,3.923711,10.004901
2015-01-22,102.557375,125.550597,136.128944,3.923961,10.005251
2015-01-23,102.597892,125.569409,136.155883,3.924168,10.005602
2015-01-26,102.6354,125.585685,136.182778,3.924333,10.005952
2015-01-27,102.670055,125.599503,136.209627,3.924456,10.006302
2015-01-28,102.702022,125.610942,136.236429,3.924537,10.006652
2015-01-29,102.731472,125.62009,136.263183,3.924578,10.007002
2015-01-30,102.758584,125.627033,136.28989,3.92458,10.007353
2015-02-02,102.783544,125.631867,136.316547,3.924542,10.007703
2015-02-03,102.80654,125.634685,136.343153,3.924467,10.008053
2015-02-04,102.82777,125.635589,136.369709,3.924354,10.008404
2015-02-05,102.847432,125.634679,136.396214,3.924205,10.008754
2015-02-06,102.865732,125.632062,136.422666,3.92402,10.009104
2015-02-09,102.882876,125.627845,136.449064,3.923801,10.009454
2015-02-10,102.899073,125.622139,136.475408,3.923548,10.009805
2015-02-11,102.914536,125.615055,136.501697,3.923263,10.010155
2015-02-12,102.929477,125.606708,136.527931,3.922946,10.010506
2015-02-13,102.944111,125.597214,136.554107,3.922599,10.010856
2015-02-16,102.95865,125.58669,136.580227,3.922222,10.011206
2015-02-17,102.973309,125.575256,136.606288,3.921817,10.011557
2015-02-18,102.9883,125.563029,136.63229,3.921385,10.011907
2015-02-19,103.003832,125.550132,136.658232,3.920927,10.012258
2015-02-20,103.020115,125.536684,136.684113,3.920444,10.012608
2015-02-23,103.037352,125.522806,136.709933,3.919938,10.012958
2015-02-24,103.055745,125.50862,136.73569,3.919409,10.013309
2015-02-25,103.075491,125.494247,136.761385,3.918859,10.013659
2015-02-26,103.096784,125.479807,136.787015,3.918288,10.01401
2015-02-27,103.11981,125.465419,136.812581,3.917699,10.01436
2015-03-02,103.144751,125.451203,136.838082,3.917093,10.014711
2015-03-03,103.171783,125.437276,136.863516,3.91647,10.015061
2015-03-04,103.201074,125.423754,136.888884,3.915832,10.015412
2015-03-05,103.232786,125.410752,136.914183,3.915181,10.015762
2015-03-06,103.267073,125.398383,136.939414,3.914516,10.016113
2015-03-09,103.30408,125.386758,136.964576,3.913841,10.016464
2015-03-10,103.343945,125.375984,136.989667,3.913156,10.016814
2015-03-11,103.386797,125.36617,137.014688,3.912462,10.017165
2015-03-12,103.432754,125.357417,137.039637,3.91176,10.017515
2015-03-13,103.481928,125.349827,137.064514,3.911052,10.017866
2015-03-16,103.534417,125.343498,137.089318,3.91034,10.018217
2015-03-17,103.590312,125.338524,137.114048,3.909623,10.018567
2015-03-18,103.649692,125.334995,137.138703,3.908904,10.018918
2015-03-19,103.712627,125.333001,137.163283,3.908184,10.019269
2015-03-20,103.779174,125.332624,137.187787,3.907464,10.019619
2015-03-23,103.849381,125.333946,137.212214,3.906745,10.01997
2015-03-24,103.923283,125.337041,137.236564,3.906028,10.020321
2015-03-25,104.000906,125.341983,137.260835,3.905315,10.020671
2015-03-26,104.082262,125.348839,137.285028,3.904606,10.021022
2015-03-27,104.167354,125.357672,137.30914,3.903904,10.021373
2015-03-30,104.256173,125.368542,137.333173,3.903208,10.021724
2015-03-31,104.348695,125.381503,137.357124,3.90252,10.022074
2015-04-01,104.44489,125.396604,137.380993,3.901841,10.022425
2015-04-02,104.544713,125.41389,137.40478,3.901172,10.022776
2015-04-03,104.648107,125.433402,137.428483,3.900514,10.023127
2015-04-06,104.755007,125.455175,137.452103,3.899868,10.023478
2015-04-07,104.865333,125.479238,137.475638,3.899236,10.023828
2015-04-08,104.978996,125.505618,137.499088,3.898617,10.024179
2015-04-09,105.095896,125.534333,137.522452,3.898013,10.02453
2015-04-10,105.215921,125.565398,137.545729,3.897425,10.024881
2015-04-13,105.33895,125.598824,137.568919,3.896853,10.025232
2015-04-14,105.46485,125.634615,137.59202,3.896299,10.025583
2015-04-15,105.59348,125.67277,137.615034,3.895762,10.025934
2015-04-16,105.724687,125.713283,137.637958,3.895245,10.026284
2015-04-17,105.858311,125.756143,137.660791,3.894747,10.026635
2015-04-20,105.994181,125.801333,137.683535,3.894269,10.026986
2015-04-21,106.132119,125.848833,137.706187,3.893813,10.027337
2015-04-22,106.271937,125.898614,137.728747,3.893377,10.027688
2015-04-23,106.413441,125.950646,137.751215,3.892964,10.028039
2015-04-24,106.556428,126.004892,137.773589,3.892573,10.02839
2015-04-27,106.70069,126.06131,137.79587,3.892205,10.028741
2015-04-28,106.846011,126.119852,137.818056,3.89186,10.029092
2015-04-29,106.992169,126.180468,137.840148,3.891539,10.029443
2015-04-30,107.138939,126.2431,137.862143,3.891243,10.029794
2015-05-01,107.28609,126.307688,137.884043,3.890971,10.030145
2015-05-04,107.433386,126.374165,137.905845,3.890723,10.030496
2015-05-05,107.580589,126.442462,137.92755,3.890501,10.030847
2015-05-06,107.727457,126.512504,137.949157,3.890303,10.031199
2015-05-07,107.873746,126.584212,137.970666,3.890131,10.03155
2015-05-08,108.019213,126.657502,137.992075,3.889984,10.031901
2015-05-11,108.16361,126.732288,138.013385,3.889863,10.032252
2015-05-12,108.306691,126.808479,138.034594,3.889767,10.032603
2015-05-13,108.448211,126.88598,138.055702,3.889696,10.032954
2015-05-14,108.587925,126.964694,138.076709,3.889651,10.033305
2015-05-15,108.725591,127.044518,138.097614,3.889631,10.033657
2015-05-18,108.860969,127.125348,138.118416,3.889636,10.034008
2015-05-19,108.993822,127.207076,138.139115,3.889667,10.034359
2015-05-20,109.123917,127.289593,138.15971,3.889721,10.03471
2015-05-21,109.251027,127.372784,138.180201,3.8898,10.035061
2015-05-22,109.374928,127.456534,138.200588,3.889904,10.035413
2015-05-25,109.495405,127.540727,138.220869,3.890031,10.035764
2015-05-26,109.612247,127.625241,138.241045,3.890181,10.036115
2015-05-27,109.725251,127.709956,138.261114,3.890354,10.036466
2015-05-28,109.834224,127.794749,138.281076,3.89055,10.036818
2015-05-29,109.93898,127.879494,138.300931,3.890767,10.037169
2015-06-01,110.03934,127.964068,138.320678,3.891006,10.03752
2015-06-02,110.135139,128.048343,138.340317,3.891265,10.037872
2015-06-03,110.226219,128.132193,138.359848,3.891545,10.038223
2015-06-04,110.312434,128.21549,138.379269,3.891844,10.038574
2015-06-05,110.393649,128.298108,138.39858,3.892162,10.038926
2015-06-08,110.469741,128.379918,138.417781,3.892498,10.039277
2015-06-09,110.540599,128.460794,138.436872,3.892852,10.039628
2015-06-10,110.606123,128.54061,138.455851,3.893222,10.03998
2015-06-11,110.666228,128.619239,138.474719,3.893607,10.040331
2015-06-12,110.72084,128.696559,138.493475,3.894008,10.040683
2015-06-15,110.7699,128.772445,138.512118,3.894422,10.041034
2015-06-16,110.81336,128.846777,138.530649,3.894849,10.041385
2015-06-17,110.851189,128.919435,138.549066,3.895289,10.041737
2015-06-18,110.883366,128.990301,138.567369,3.895739,10.042088
2015-06-19,110.909886,129.05926,138.585559,3.8962,10.04244
2015-06-22,110.930758,129.1262,138.603634,3.89667,10.042791
2015-06-23,110.946004,129.191011,138.621594,3.897148,10.043143
2015-06-24,110.955659,129.253586,138.639439,3.897633,10.043494
2015-06-25,110.959773,129.313822,138.657167,3.898125,10.043846
2015-06-26,110.958407,129.371619,138.67478,3.898621,10.044197
2015-06-29,110.951639,129.42688,138.692277,3.899121,10.044549
2015-06-30,110.939556,129.479513,138.709656,3.899623,10.044901
2015-07-01,110.92226,129.529429,138.726919,3.900127,10.045252
2015-07-02,110.899865,129.576545,138.744063,3.900632,10.045604
2015-07-03,110.872496,129.62078,138.76109,3.901135,10.045955
2015-07-06,110.84029,129.66206,138.777999,3.901637,10.046307
2015-07-07,110.803396,129.700314,138.794789,3.902136,10.046659
2015-07-08,110.761972,129.735477,138.81146,3.90263,10.04701
2015-07-09,110.716187,129.767488,138.828011,3.903119,10.047362
2015-07-10,110.666219,129.796293,138.844443,3.903601,10.047713
2015-07-13,110.612256,129.821841,138.860756,3.904076,10.048065
2015-07-14,110.554494,129.844089,138.876948,3.904541,10.048417
2015-07-15,110.493137,129.862997,138.893019,3.904996,10.048769
2015-07-16,110.428394,129.878533,138.90897,3.905439,10.04912
2015-07-17,110.360483,129.890669,138.924799,3.90587,10.049472
2015-07-20,110.289627,129.899382,138.940508,3.906287,10.049824
2015-07-21,110.216055,129.904658,138.956094,3.90669,10.050175
2015-07-22,110.139999,129.906486,138.971559,3.907076,10.050527
2015-07-23,110.061695,129.904863,138.986901,3.907444,10.050879
2015-07-24,109.981384,129.899788,139.002121,3.907794,10.051231
2015-07-27,109.899306,129.891272,139.017218,3.908125,10.051583
2015-07-28,109.815706,129.879325,139.032193,3.908435,10.051934
2015-07-29,109.730828,129.863969,139.047044,3.908723,10.052286
2015-07-30,109.644917,129.845228,139.061772,3.908988,10.052638
2015-07-31,109.558216,129.823133,139.076376,3.909229,10.05299
2015-08-03,109.470971,129.797721,139.090856,3.909446,10.053342
2015-08-04,109.383421,129.769033,139.105212,3.909636,10.053694
2015-08-05,109.295805,129.737118,139.119444,3.909799,10.054046
2015-08-06,109.208361,129.702028,139.133551,3.909934,10.054397
2015-08-07,109.121319,129.663821,139.147534,3.910041,10.054749
2015-08-10,109.034908,129.622563,139.161392,3.910117,10.055101
2015-08-11,108.949351,129.57832,139.175125,3.910163,10.055453
2015-08-12,108.864865,129.531167,139.188733,3.910177,10.055805
2015-08-13,108.78166,129.481182,139.202215,3.910159,10.056157
2015-08-14,108.699943,129.428448,139.215572,3.910107,10.056509
2015-08-17,108.61991,129.373053,139.228804,3.910022,10.056861
2015-08-18,108.54175,129.315087,139.241909,3.909901,10.057213
2015-08-19,108.465647,129.254647,139.254889,3.909746,10.057565
2015-08-20,108.391772,129.191832,139.267742,3.909554,10.057917
2015-08-21,108.320291,129.126745,139.28047,3.909326,10.058269
2015-08-24,108.251358,129.059493,139.293071,3.90906,10.058621
2015-08-25,108.185118,128.990185,139.305545,3.908757,10.058973
2015-08-26,108.121707,128.918935,139.317893,3.908415,10.059325
2015-08-27,108.061249,128.845859,139.330115,3.908035,10.059677
2015-08-28,108.003858,128.771073,139.34221,3.907615,10.060029
2015-08-31,107.949637,128.694699,139.354178,3.907156,10.060382
2015-09-01,107.898679,128.616859,139.366019,3.906657,10.060734
2015-09-02,107.851065,128.537677,139.377733,3.906117,10.061086
2015-09-03,107.806863,128.45728,139.389321,3.905538,10.061438
2015-09-04,107.766131,128.375794,139.400781,3.904917,10.06179
2015-09-07,107.728916,128.293348,139.412114,3.904256,10.062142
2015-09-08,107.695251,128.210071,139.42332,3.903554,10.062494
2015-09-09,107.665158,128.126092,139.434399,3.902811,10.062847
2015-09-10,107.638648,128.041543,139.445351,3.902027,10.063199
2015-09-11,107.615719,127.956552,139.456176,3.901202,10.063551
2015-09-14,107.596358,127.871251,139.466873,3.900336,10.063903
2015-09-15,107.580539,127.785768,139.477443,3.89943,10.064256
2015-09-16,107.568225,127.700232,139.487886,3.898483,10.064608
2015-09-17,107.559367,127.614773,139.498202,3.897495,10.06496
2015-09-18,107.553906,127.529516,139.50839,3.896467,10.065312
2015-09-21,107.551769,127.444587,139.518452,3.8954,10.065665
2015-09-22,107.552874,127.360111,139.528386,3.894293,10.066017
2015-09-23,107.557128,127.27621,139.538193,3.893147,10.066369
2015-09-24,107.564425,127.193004,139.547873,3.891962,10.066722
2015-09-25,107.574653,127.110612,139.557426,3.890739,10.067074
2015-09-28,107.587685,127.029149,139.566852,3.889478,10.067426
2015-09-29,107.603388,126.948727,139.576151,3.88818,10.067779
2015-09-30,107.621618,126.869458,139.585324,3.886846,10.068131
2015-10-01,107.642222,126.791449,139.594369,3.885475,10.068483
2015-10-02,107.665039,126.714804,139.603288,3.88407,10.068836
2015-10-05,107.689899,126.639623,139.612081,3.88263,10.069188
2015-10-06,107.716624,126.566003,139.620747,3.881156,10.069541
2015-10-07,107.745031,126.494039,139.629286,3.87965,10.069893
2015-10-08,107.774928,126.42382,139.637699,3.878111,10.070246
2015-10-09,107.806118,126.355431,139.645986,3.876541,10.070598
2015-10-12,107.838397,126.288955,139.654147,3.874941,10.070951
2015-10-13,107.871557,126.224468,139.662183,3.873312,10.071303
2015-10-14,107.905385,126.162043,139.670092,3.871654,10.071656
2015-10-15,107.939665,126.101749,139.677876,3.869969,10.072008
2015-10-16,107.974177,126.04365,139.685534,3.868258,10.072361
2015-10-19,108.008696,125.987805,139.693067,3.866522,10.072713
2015-10-20,108.042999,125.934267,139.700475,3.864761,10.073066
2015-10-21,108.07686,125.883088,139.707758,3.862977,10.073418
2015-10-22,108.11005,125.834311,139.714916,3.861172,10.073771
2015-10-23,108.142342,125.787975,139.72195,3.859346,10.074123
2015-10-26,108.173511,125.744117,139.728859,3.857501,10.074476
2015-10-27,108.20333,125.702763,139.735644,3.855637,10.074829
2015-10-28,108.231575,125.66394,139.742305,3.853756,10.075181
2015-10-29,108.258026,125.627667,139.748843,3.85186,10.075534
2015-10-30,108.282464,125.593956,139.755256,3.849949,10.075886
2015-11-02,108.304676,125.562817,139.761547,3.848026,10.076239
2015-11-03,108.324453,125.534253,139.767714,3.84609,10.076592
2015-11-04,108.34159,125.508263,139.773758,3.844144,10.076945
2015-11-05,108.355889,125.48484,139.77968,3.842189,10.077297
2015-11-06,108.367158,125.463972,139.785479,3.840226,10.07765
2015-11-09,108.375213,125.445641,139.791157,3.838256,10.078003
2015-11-10,108.379877,125.429825,139.796712,3.836282,10.078355
2015-11-11,108.38098,125.416497,139.802146,3.834303,10.078708
2015-11-12,108.378364,125.405624,139.807459,3.832323,10.079061
2015-11-13,108.371878,125.39717,139.81265,3.830341,10.079414
2015-11-16,108.361381,125.391092,139.817721,3.82836,10.079766
2015-11-17,108.346743,125.387343,139.822671,3.826381,10.080119
2015-11-18,108.327844,125.385871,139.827502,3.824405,10.080472
2015-11-19,108.304576,125.386621,139.832212,3.822434,10.080825
2015-11-20,108.276841,125.389531,139.836803,3.820468,10.081178
2015-11-23,108.244556,125.394537,139.841275,3.81851,10.081531
2015-11-24,108.207646,125.401569,139.845629,3.81656,10.081883
2015-11-25,108.166053,125.410553,139.849863,3.814621,10.082236
2015-11-26,108.119726,125.421412,139.85398,3.812692,10.082589
2015-11-27,108.068633,125.434066,139.857978,3.810777,10.082942
2015-11-30,108.01275,125.448427,139.86186,3.808875,10.083295
2015-12-01,107.952069,125.464409,139.865624,3.806989,10.083648
2015-12-02,107.886594,125.481919,139.869271,3.805119,10.084001
2015-12-03,107.816341,125.500861,139.872803,3.803266,10.084354
2015-12-04,107.741341,125.521138,139.876218,3.801433,10.084707
2015-12-07,107.661638,125.542648,139.879517,3.79962,10.08506
2015-12-08,107.577286,125.565287,139.882702,3.797829,10.085413
2015-12-09,107.488356,125.588949,139.885772,3.79606,10.085766
2015-12-10,107.394927,125.613526,139.888727,3.794315,10.086119
2015-12-11,107.297094,125.638907,139.891569,3.792595,10.086472
2015-12-14,107.194962,125.664979,139.894297,3.790901,10.086825
2015-12-15,107.088647,125.691627,139.896912,3.789234,10.087178
2015-12-16,106.978279,125.718737,139.899414,3.787595,10.087531
2015-12-17,106.863997,125.746191,139.901804,3.785985,10.087884
2015-12-18,106.745949,125.773872,139.904082,3.784405,10.088237
2015-12-21,106.624297,125.80166,139.906249,3.782856,10.08859
2015-12-22,106.499208,125.829437,139.908305,3.78134,10.088943
2015-12-23,106.370862,125.857083,139.91025,3.779856,10.089296
2015-12-24,106.239445,125.884479,139.912086,3.778406,10.089649
2015-12-25,106.105152,125.911505,139.913812,3.77699,10.090003
2015-12-28,105.968184,125.938041,139.915429,3.77561,10.090356
2015-12-29,105.828751,125.963971,139.916938,3.774266,10.090709
2015-12-30,105.687067,125.989175,139.918339,3.772959,10.091062
2015-12-31,105.543353,126.013539,139.919632,3.771689,10.091415
2016-01-01,105.397834,126.036946,139.920818,3.770458,10.091769
2016-01-04,105.250739,126.059284,139.921897,3.769265,10.092122
2016-01-05,105.102301,126.08044,139.922871,3.768111,10.092475
2016-01-06,104.952757,126.100306,139.923739,3.766998,10.092828
2016-01-07,104.802343,126.118773,139.924502,3.765924,10.093181
2016-01-08,104.651301,126.135738,139.925161,3.764892,10.093535
2016-01-11,104.499871,126.151097,139.925716,3.7639,10.093888
2016-01-12,104.348294,126.164753,139.926167,3.76295,10.094241
2016-01-13,104.196809,126.176608,139.926516,3.762042,10.094595
2016-01-14,104.045658,126.18657,139.926762,3.761176,10.094948
2016-01-15,103.895077,126.19455,139.926907,3.760352,10.095301
2016-01-18,103.745303,126.200463,139.92695,3.75957,10.095655
2016-01-19,103.596567,126.204227,139.926893,3.758832,10.096008
2016-01-20,103.449101,126.205764,139.926736,3.758136,10.096361
2016-01-21,103.303128,126.205003,139.92648,3.757483,10.096715
2016-01-22,103.158869,126.201873,139.926125,3.756873,10.097068
2016-01-25,103.016541,126.196311,139.925671,3.756305,10.097421
2016-01-26,102.876352,126.188257,139.92512,3.755781,10.097775
2016-01-27,102.738508,126.177658,139.924472,3.755299,10.098128
2016-01-28,102.603205,126.164462,139.923728,3.75486,10.098482
2016-01-29,102.470633,126.148627,139.922887,3.754463,10.098835
2016-02-01,102.340976,126.130111,139.921952,3.754108,10.099189
2016-02-02,102.214407,126.108882,139.920922,3.753795,10.099542
2016-02-03,102.091094,126.084911,139.919798,3.753524,10.099896
2016-02-04,101.971194,126.058174,139.91858,3.753294,10.100249
2016-02-05,101.854857,126.028654,139.91727,3.753105,10.100603
2016-02-08,101.742221,125.996338,139.915868,3.752956,10.100956
2016-02-09,101.633417,125.961219,139.914374,3.752848,10.10131
2016-02-10,101.528564,125.923297,139.91279,3.752778,10.101663
2016-02-11,101.427774,125.882576,139.911116,3.752748,10.102017
2016-02-12,101.331146,125.839066,139.909352,3.752756,10.10237
2016-02-15,101.238769,125.792781,139.907499,3.752802,10.102724
2016-02-16,101.150722,125.743745,139.905558,3.752885,10.103078
2016-02-17,101.067072,125.691982,139.90353,3.753005,10.103431
2016-02-18,100.987878,125.637525,139.901415,3.75316,10.103785
2016-02-19,100.913185,125.580412,139.899214,3.75335,10.104139
2016-02-22,100.843027,125.520684,139.896928,3.753575,10.104492
2016-02-23,100.77743,125.458391,139.894557,3.753833,10.104846
2016-02-24,100.716405,125.393584,139.892102,3.754124,10.105199
2016-02-25,100.659956,125.326323,139.889563,3.754446,10.105553
2016-02-26,100.608072,125.256669,139.886943,3.7548,10.105907
2016-02-29,100.560733,125.184691,139.88424,3.755183,10.106261
2016-03-01,100.51791,125.110461,139.881456,3.755596,10.106614
2016-03-02,100.479559,125.034056,139.878591,3.756036,10.106968
2016-03-03,100.445629,124.955557,139.875647,3.756504,10.107322
2016-03-04,100.416056,124.875049,139.872624,3.756998,10.107676
2016-03-07,100.390768,124.792622,139.869522,3.757517,10.108029
2016-03-08,100.369682,124.708368,139.866343,3.75806,10.108383
2016-03-09,100.352704,124.622385,139.863088,3.758626,10.108737
2016-03-10,100.339731,124.534772,139.859756,3.759214,10.109091
2016-03-11,100.330652,124.445633,139.856349,3.759822,10.109445
2016-03-14,100.325346,124.355074,139.852867,3.760451,10.109798
2016-03-15,100.323683,124.263205,139.849311,3.761098,10.110152
2016-03-16,100.325524,124.170137,139.845683,3.761762,10.110506
2016-03-17,100.330724,124.075985,139.841982,3.762443,10.11086
2016-03-18,100.339129,123.980865,139.83821,3.763138,10.111214
2016-03-21,100.350578,123.884895,139.834367,3.763848,10.111568
2016-03-22,100.364902,123.788196,139.830453,3.764571,10.111922
2016-03-23,100.381928,123.690888,139.826471,3.765305,10.112276
2016-03-24,100.401476,123.593094,139.82242,3.76605,10.11263
2016-03-25,100.423359,123.494939,139.818302,3.766804,10.112983
2016-03-28,100.447388,123.396546,139.814117,3.767566,10.113337
2016-03-29,100.473367,123.298041,139.809865,3.768336,10.113691
2016-03-30,100.501097,123.199549,139.805549,3.769111,10.114045
2016-03-31,100.530376,123.101196,139.801168,3.76989,10.114399
2016-04-01,100.560999,123.003106,139.796723,3.770673,10.114753
2016-04-04,100.592758,122.905404,139.792216,3.771459,10.115107
2016-04-05,100.625444,122.808216,139.787646,3.772245,10.115461
2016-04-06,100.658847,122.711664,139.783015,3.773032,10.115816
2016-04-07,100.692756,122.615871,139.778324,3.773817,10.11617
2016-04-08,100.726961,122.520957,139.773573,3.7746,10.116524
2016-04-11,100.761251,122.427044,139.768763,3.77538,10.116878
2016-04-12,100.795417,122.334247,139.763895,3.776155,10.117232
2016-04-13,100.829253,122.242684,139.75897,3.776925,10.117586
2016-04-14,100.862554,122.152469,139.753989,3.777689,10.11794
2016-04-15,100.895118,122.063714,139.748952,3.778444,10.118294
2016-04-18,100.926748,121.976526,139.743861,3.779192,10.118648
2016-04-19,100.957251,121.891014,139.738716,3.779929,10.119003
2016-04-20,100.986438,121.807281,139.733518,3.780656,10.119357
2016-04-21,101.014125,121.725427,139.728267,3.781372,10.119711
2016-04-22,101.040136,121.64555,139.722966,3.782075,10.120065
2016-04-25,101.064299,121.567745,139.717613,3.782765,10.120419
2016-04-26,101.086451,121.492102,139.712212,3.783441,10.120773
2016-04-27,101.106436,121.418707,139.706761,3.784102,10.121128
2016-04-28,101.124106,121.347646,139.701263,3.784747,10.121482
2016-04-29,101.13932,121.278997,139.695717,3.785375,10.121836
2016-05-02,101.151949,121.212835,139.690126,3.785986,10.12219
2016-05-03,101.161872,121.149232,139.684489,3.786579,10.122545
2016-05-04,101.168975,121.088254,139.678807,3.787154,10.122899
2016-05-05,101.173159,121.029966,139.673082,3.787709,10.123253
2016-05-06,101.174332,120.974424,139.667314,3.788244,10.123608
2016-05-09,101.172414,120.921682,139.661505,3.788759,10.123962
2016-05-10,101.167335,120.871791,139.655654,3.789253,10.124316
2016-05-11,101.159038,120.824794,139.649763,3.789725,10.124671
2016-05-12,101.147476,120.78073,139.643833,3.790175,10.125025
2016-05-13,101.132613,120.739636,139.637865,3.790603,10.125379
2016-05-16,101.114427,120.70154,139.631859,3.791008,10.125734
2016-05-17,101.092906,120.666469,139.625817,3.79139,10.126088
2016-05-18,101.06805,120.634442,139.619739,3.791748,10.126443
2016-05-19,101.039871,120.605475,139.613626,3.792083,10.126797
2016-05-20,101.008393,120.579578,139.607479,3.792394,10.127152
2016-05-23,100.973652,120.556756,139.601299,3.792681,10.127506
2016-05-24,100.935695,120.537011,139.595087,3.792944,10.127861
2016-05-25,100.894581,120.520337,139.588843,3.793182,10.128215
2016-05-26,100.85038,120.506726,139.582569,3.793397,10.128569
2016-05-27,100.803173,120.496162,139.576266,3.793587,10.128924
2016-05-30,100.753052,120.488627,139.569934,3.793752,10.129279
2016-05-31,100.70012,120.484096,139.563574,3.793894,10.129633
2016-06-01,100.644489,120.482541,139.557188,3.794011,10.129988
2016-06-02,100.586283,120.483928,139.550775,3.794105,10.130342
2016-06-03,100.525633,120.488218,139.544338,3.794175,10.130697
2016-06-06,100.462681,120.495369,139.537877,3.794221,10.131051
2016-06-07,100.397578,120.505333,139.531392,3.794245,10.131406
2016-06-08,100.330481,120.518057,139.524885,3.794245,10.13176
2016-06-09,100.261557,120.533487,139.518357,3.794223,10.132115
2016-06-10,100.190978,120.551561,139.511808,3.794179,10.13247
2016-06-13,100.118926,120.572214,139.505239,3.794114,10.132824
2016-06-14,100.045587,120.595377,139.498652,3.794027,10.133179
2016-06-15,99.971152,120.620978,139.492047,3.793919,10.133534
2016-06-16,99.895819,120.64894,139.485425,3.793792,10.133888
2016-06-17,99.819789,120.679183,139.478788,3.793645,10.134243
2016-06-20,99.743269,120.711623,139.472135,3.79348,10.134598
2016-06-21,99.666467,120.746173,139.465468,3.793296,10.134952
2016-06-22,99.589595,120.782742,139.458788,3.793095,10.135307
2016-06-23,99.512868,120.821237,139.452096,3.792877,10.135662
2016-06-24,99.4365,120.861561,139.445392,3.792643,10.136017
2016-06-27,99.360708,120.903616,139.438678,3.792394,10.136371
2016-06-28,99.28571,120.947299,139.431954,3.792131,10.136726
2016-06-29,99.211722,120.992506,139.425221,3.791854,10.137081
2016-06-30,99.138961,121.039132,139.418481,3.791565,10.137436
2016-07-01,99.06764,121.087067,139.411734,3.791264,10.137791
2016-07-04,98.997973,121.136202,139.404981,3.790952,10.138146
2016-07-05,98.930171,121.186425,139.398223,3.790631,10.1385
2016-07-06,98.86444,121.237623,139.391461,3.790301,10.138855
2016-07-07,98.800985,121.289681,139.384696,3.789963,10.13921
2016-07-08,98.740005,121.342484,139.377929,3.789619,10.139565
2016-07-11,98.681695,121.395917,139.37116,3.789269,10.13992
2016-07-12,98.626246,121.449862,139.364391,3.788914,10.140275
2016-07-13,98.573842,121.504202,139.357622,3.788556,10.14063
2016-07-14,98.524662,121.55882,139.350855,3.788195,10.140985
2016-07-15,98.478878,121.613601,139.34409,3.787833,10.14134
2016-07-18,98.436657,121.668425,139.337328,3.787471,10.141694
2016-07-19,98.398155,121.723179,139.33057,3.78711,10.142049
2016-07-20,98.363524,121.777746,139.323818,3.786751,10.142404
2016-07-21,98.332906,121.832013,139.317071,3.786395,10.142759
2016-07-22,98.306436,121.885865,139.310331,3.786044,10.143114
2016-07-25,98.284241,121.939193,139.303599,3.785698,10.143469
2016-07-26,98.266435,121.991885,139.296876,3.785359,10.143824
2016-07-27,98.253129,122.043834,139.290163,3.785029,10.14418
2016-07-28,98.24442,122.094934,139.28346,3.784707,10.144535
2016-07-29,98.240396,122.145081,139.276768,3.784396,10.14489
2016-08-01,98.241137,122.194175,139.270089,3.784096,10.145245
2016-08-02,98.246712,122.242117,139.263423,3.783809,10.1456
2016-08-03,98.257179,122.288812,139.256771,3.783535,10.145955
2016-08-04,98.272587,122.334168,139.250134,3.783277,10.14631
2016-08-05,98.292974,122.378095,139.243513,3.783035,10.146665
2016-08-08,98.318368,122.42051,139.236909,3.78281,10.14702
2016-08-09,98.348784,122.461329,139.230323,3.782604,10.147375
2016-08-10,98.38423,122.500476,139.223755,3.782417,10.147731
2016-08-11,98.424701,122.537876,139.217207,3.782252,10.148086
2016-08-12,98.470181,122.57346,139.21068,3.782107,10.148441
2016-08-15,98.520646,122.607164,139.204174,3.781986,10.148796
2016-08-16,98.576057,122.638925,139.19769,3.781889,10.149151
2016-08-17,98.63637,122.668688,139.191229,3.781817,10.149507
2016-08-18,98.701525,122.696402,139.184793,3.781771,10.149862
2016-08-19,98.771455,122.72202,139.178381,3.781752,10.150217
2016-08-22,98.846082,122.7455,139.171995,3.781761,10.150572
2016-08-23,98.925318,122.766806,139.165636,3.781799,10.150928
2016-08-24,99.009066,122.785906,139.159305,3.781867,10.151283
2016-08-25,99.097217,122.802774,139.153002,3.781966,10.151638
2016-08-26,99.189653,122.817388,139.146728,3.782096,10.151994
2016-08-29,99.28625,122.829734,139.140485,3.78226,10.152349
2016-08-30,99.386872,122.839799,139.134273,3.782456,10.152704
2016-08-31,99.491375,122.84758,139.128093,3.782688,10.15306
2016-09-01,99.599606,122.853076,139.121946,3.782954,10.153415
2016-09-02,99.711406,122.856293,139.115832,3.783256,10.15377
2016-09-05,99.826607,122.857241,139.109754,3.783594,10.154126
2016-09-06,99.945034,122.855937,139.10371,3.78397,10.154481
2016-09-07,100.066505,122.852402,139.097704,3.784383,10.154836
2016-09-08,100.190832,122.846663,139.091734,3.784835,10.155192
2016-09-09,100.317821,122.838752,139.085803,3.785326,10.155547
2016-09-12,100.447273,122.828706,139.079911,3.785857,10.155903
2016-09-13,100.578982,122.816566,139.074059,3.786428,10.156258
2016-09-14,100.71274,122.80238,139.068247,3.787039,10.156614
2016-09-15,100.848334,122.7862,139.062477,3.787691,10.156969
2016-09-16,100.985547,122.768083,139.056749,3.788385,10.157325
2016-09-19,101.12416,122.748088,139.051065,3.78912,10.15768
2016-09-20,101.263952,122.726284,139.045425,3.789897,10.158036
2016-09-21,101.404698,122.702739,139.03983,3.790717,10.158391
2016-09-22,101.546175,122.677528,139.034281,3.791579,10.158747
2016-09-23,101.688157,122.65073,139.028779,3.792484,10.159102
2016-09-26,101.83042,122.622426,139.023324,3.793431,10.159458
2016-09-27,101.972738,122.592704,139.017917,3.794422,10.159814
2016-09-28,102.114889,122.561653,139.01256,3.795455,10.160169
2016-09-29,102.256652,122.529366,139.007253,3.796532,10.160525
2016-09-30,102.397808,122.495939,139.001997,3.797652,10.16088
2016-10-03,102.538141,122.461471,138.996792,3.798814,10.161236
2016-10-04,102.67744,122.426066,138.99164,3.80002,10.161592
2016-10-05,102.815498,122.389828,138.986542,3.801268,10.161947
2016-10-06,102.952111,122.352863,138.981497,3.802559,10.162303
2016-10-07,103.087083,122.315282,138.976508,3.803891,10.162659
2016-10-10,103.220224,122.277195,138.971574,3.805266,10.163014
2016-10-11,103.351348,122.238716,138.966697,3.806683,10.16337
2016-10-12,103.480281,122.199959,138.961878,3.808141,10.163726
2016-10-13,103.606851,122.161041,138.957117,3.80964,10.164082
2016-10-14,103.730899,122.122078,138.952415,3.811179,10.164437
2016-10-17,103.852274,122.083188,138.947772,3.812758,10.164793
2016-10-18,103.970831,122.044491,138.943191,3.814377,10.165149
2016-10-19,104.086439,122.006104,138.938671,3.816034,10.165505
2016-10-20,104.198975,121.968147,138.934213,3.81773,10.16586
2016-10-21,104.308326,121.930739,138.929818,3.819464,10.166216
2016-10-24,104.41439,121.893999,138.925487,3.821234,10.166572
2016-10-25,104.517079,121.858045,138.921221,3.823041,10.166928
2016-10-26,104.616312,121.822996,138.91702,3.824884,10.167284
2016-10-27,104.712022,121.788967,138.912885,3.826761,10.16764
2016-10-28,104.804155,121.756075,138.908817,3.828671,10.167996
2016-10-31,104.892666,121.724433,138.904817,3.830615,10.168351
2016-11-01,104.977526,121.694155,138.900886,3.832591,10.168707
2016-11-02,105.058716,121.665352,138.897023,3.834599,10.169063
2016-11-03,105.136228,121.638132,138.893231,3.836636,10.169419
2016-11-04,105.21007,121.612603,138.889509,3.838703,10.169775
2016-11-07,105.280259,121.58887,138.885859,3.840797,10.170131
2016-11-08,105.346827,121.567033,138.882281,3.842919,10.170487
2016-11-09,105.409816,121.547193,138.878776,3.845067,10.170843
2016-11-10,105.46928,121.529447,138.875345,3.84724,10.171199
2016-11-11,105.525288,121.513888,138.871988,3.849437,10.171555
2016-11-14,105.577918,121.500605,138.868706,3.851656,10.171911
2016-11-15,105.627258,121.489687,138.865501,3.853897,10.172267
2016-11-16,105.673411,121.481217,138.862372,3.856158,10.172623
2016-11-17,105.716487,121.475274,138.85932,3.858438,10.172979
2016-11-18,105.756609,121.471934,138.856347,3.860735,10.173335
2016-11-21,105.793909,121.471271,138.853452,3.86305,10.173691
2016-11-22,105.828528,121.473351,138.850637,3.865379,10.174047
2016-11-23,105.860618,121.478239,138.847902,3.867722,10.174403
2016-11-24,105.890338,121.485994,138.845248,3.870077,10.174759
2016-11-25,105.917856,121.496672,138.842675,3.872444,10.175116
2016-11-28,105.943346,121.510324,138.840185,3.874821,10.175472
2016-11-29,105.966992,121.526996,138.837778,3.877206,10.175828
2016-11-30,105.988982,121.54673,138.835455,3.879598,10.176184
2016-12-01,106.009511,121.569563,138.833216,3.881996,10.17654
2016-12-02,106.028779,121.595526,138.831062,3.884398,10.176896
2016-12-05,106.046992,121.624649,138.828993,3.886803,10.177253
2016-12-06,106.064358,121.656952,138.827012,3.889209,10.177609
2016-12-07,106.081091,121.692454,138.825117,3.891616,10.177965
2016-12-08,106.097405,121.731168,138.82331,3.894021,10.178321
2016-12-09,106.113519,121.7731,138.821591,3.896424,10.178678
2016-12-12,106.129652,121.818255,138.819961,3.898823,10.179034
2016-12-13,106.146024,121.866629,138.818421,3.901216,10.17939
2016-12-14,106.162856,121.918216,138.816971,3.903602,10.179746
2016-12-15,106.180368,121.973003,138.815612,3.90598,10.180103
2016-12-16,106.19878,122.030973,138.814345,3.908348,10.180459
2016-12-19,106.218309,122.092103,138.81317,3.910706,10.180815
2016-12-20,106.239172,122.156366,138.812088,3.913051,10.181172
2016-12-21,106.261581,122.223731,138.811099,3.915382,10.181528
2016-12-22,106.285746,122.294161,138.810204,3.917698,10.181884
2016-12-23,106.311873,122.367613,138.809404,3.919998,10.182241
2016-12-26,106.340162,122.44404,138.808699,3.922281,10.182597
2016-12-27,106.370809,122.523393,138.80809,3.924545,10.182953
2016-12-28,106.404006,122.605614,138.807578,3.926788,10.18331
2016-12-29,106.439936,122.690645,138.807162,3.92901,10.183666
2016-12-30,106.478778,122.778418,138.806845,3.93121,10.184023
2017-01-02,106.520701,122.868867,138.806625,3.933386,10.184379
2017-01-03,106.565868,122.961916,138.806505,3.935537,10.184736
2017-01-04,106.614436,123.057489,138.806483,3.937662,10.185092
2017-01-05,106.66655,123.155505,138.806562,3.93976,10.185449
2017-01-06,106.722348,123.255877,138.806741,3.94183,10.185805
2017-01-09,106.78196,123.358517,138.807022,3.94387,10.186162
2017-01-10,106.845503,123.463331,138.807403,3.94588,10.186518
2017-01-11,106.913087,123.570224,138.807887,3.94786,10.186875
2017-01-12,106.984811,123.679097,138.808474,3.949807,10.187231
2017-01-13,107.060764,123.789845,138.809164,3.951721,10.187588
2017-01-16,107.141023,123.902365,138.809958,3.953601,10.187944
2017-01-17,107.225656,124.016548,138.810856,3.955447,10.188301
2017-01-18,107.314717,124.132282,138.811859,3.957257,10.188658
2017-01-19,107.408251,124.249454,138.812968,3.959031,10.189014
2017-01-20,107.506291,124.367949,138.814182,3.960768,10.189371
2017-01-23,107.608858,124.487649,138.815503,3.962467,10.189727
2017-01-24,107.715961,124.608435,138.81693,3.964129,10.190084
2017-01-25,107.827598,124.730185,138.818465,3.965751,10.190441
2017-01-26,107.943754,124.852778,138.820108,3.967334,10.190797
2017-01-27,108.064403,124.976089,138.821859,3.968878,10.191154
2017-01-30,108.189507,125.099993,138.823719,3.970381,10.191511
2017-01-31,108.319016,125.224366,138.825688,3.971844,10.191867
2017-02-01,108.452867,125.349082,138.827767,3.973265,10.192224
2017-02-02,108.590987,125.474014,138.829956,3.974646,10.192581
2017-02-03,108.733291,125.599037,138.832256,3.975984,10.192938
2017-02-06,108.879682,125.724024,138.834667,3.977281,10.193294
2017-02-07,109.03005,125.84885,138.83719,3.978536,10.193651
2017-02-08,109.184278,125.973389,138.839825,3.979749,10.194008
2017-02-09,109.342235,126.097519,138.842572,3.98092,10.194365
2017-02-10,109.50378,126.221115,138.845433,3.982049,10.194722
2017-02-13,109.668761,126.344057,138.848406,3.983136,10.195078
2017-02-14,109.837017,126.466224,138.851494,3.98418,10.195435
2017-02-15,110.008376,126.587499,138.854695,3.985183,10.195792
2017-02-16,110.182659,126.707765,138.858011,3.986143,10.196149
2017-02-17,110.359675,126.826909,138.861442,3.987062,10.196506
2017-02-20,110.539227,126.94482,138.864989,3.98794,10.196863
2017-02-21,110.721107,127.061388,138.868652,3.988777,10.19722
2017-02-22,110.905102,127.176509,138.87243,3.989573,10.197576
2017-02-23,111.09099,127.29008,138.876325,3.990328,10.197933
2017-02-24,111.278544,127.402001,138.880338,3.991044,10.19829
2017-02-27,111.46753,127.512179,138.884467,3.99172,10.198647
2017-02-28,111.657708,127.620521,138.888714,3.992358,10.199004
2017-03-01,111.848833,127.726938,138.893079,3.992957,10.199361
2017-03-02,112.040657,127.831349,138.897563,3.993518,10.199718
2017-03-03,112.232926,127.933673,138.902166,3.994042,10.200075
2017-03-06,112.425386,128.033836,138.906887,3.994529,10.200432
2017-03-07,112.617778,128.131767,138.911728,3.994981,10.200789
2017-03-08,112.809842,128.227401,138.916689,3.995397,10.201146
2017-03-09,113.001317,128.320678,138.92177,3.99578,10.201503
2017-03-10,113.191941,128.411542,138.926971,3.996128,10.20186
2017-03-13,113.381455,128.499943,138.932293,3.996445,10.202217
2017-03-14,113.569597,128.585835,138.937736,3.996729,10.202575
2017-03-15,113.756111,128.669179,138.943301,3.996983,10.202932
2017-03-16,113.940739,128.749941,138.948987,3.997207,10.203289
2017-03-17,114.123231,128.828092,138.954795,3.997401,10.203646
2017-03-20,114.303337,128.903608,138.960725,3.997568,10.204003
2017-03-21,114.480815,128.976473,138.966778,3.997708,10.20436
2017-03-22,114.655424,129.046673,138.972953,3.997823,10.204717
2017-03-23,114.826935,129.114203,138.979252,3.997912,10.205074
2017-03-24,114.99512,129.179062,138.985674,3.997977,10.205432
2017-03-27,115.159763,129.241254,138.99222,3.998021,10.205789
2017-03-28,115.320653,129.300792,138.998889,3.998042,10.206146
2017-03-29,115.47759,129.35769,139.005682,3.998043,10.206503
2017-03-30,115.630382,129.411971,139.0126,3.998025,10.206861
2017-03-31,115.778846,129.463662,139.019642,3.997989,10.207218
2017-04-03,115.922813,129.512797,139.026809,3.997936,10.207575
2017-04-04,116.062122,129.559413,139.034101,3.997868,10.207932
2017-04-05,116.196623,129.603555,139.041519,3.997785,10.20829
2017-04-06,116.326182,129.645271,139.049061,3.997689,10.208647
2017-04-07,116.450673,129.684615,139.056729,3.997581,10.209004
2017-04-10,116.569985,129.721647,139.064523,3.997462,10.209361
2017-04-11,116.684021,129.75643,139.072444,3.997334,10.209719
2017-04-12,116.792695,129.789033,139.08049,3.997197,10.210076
2017-04-13,116.895936,129.81953,139.088662,3.997053,10.210434
2017-04-14,116.993689,129.847998,139.096962,3.996903,10.210791
2017-04-17,117.085909,129.87452,139.105387,3.996749,10.211148
2017-04-18,117.172568,129.899181,139.11394,3.996591,10.211506
2017-04-19,117.253653,129.922071,139.12262,3.996431,10.211863
2017-04-20,117.329163,129.943285,139.131427,3.99627,10.212221
2017-04-21,117.399112,129.962919,139.140361,3.996109,10.212578
2017-04-24,117.463531,129.981075,139.149423,3.99595,10.212935
2017-04-25,117.522461,129.997856,139.158612,3.995793,10.213293
2017-04-26,117.575959,130.013369,139.167929,3.995639,10.21365
2017-04-27,117.624098,130.027723,139.177374,3.995491,10.214008
2017-04-28,117.66696,130.04103,139.186947,3.995348,10.214365
2017-05-01,117.704644,130.053404,139.196648,3.995212,10.214723
2017-05-02,117.737261,130.064962,139.206476,3.995085,10.21508
2017-05-03,117.764934,130.075821,139.216434,3.994966,10.215438
2017-05-04,117.787798,130.0861,139.226519,3.994858,10.215795
2017-05-05,117.806001,130.095921,139.236733,3.994761,10.216153
2017-05-08,117.8197,130.105404,139.247075,3.994677,10.216511
2017-05-09,117.829066,130.114672,139.257546,3.994605,10.216868
2017-05-10,117.834278,130.12385,139.268146,3.994548,10.217226
2017-05-11,117.835525,130.133058,139.278874,3.994505,10.217583
2017-05-12,117.833004,130.142422,139.289731,3.994479,10.217941
2017-05-15,117.826922,130.152065,139.300717,3.994469,10.218299
2017-05-16,117.817492,130.162109,139.311831,3.994477,10.218656
2017-05-17,117.804937,130.172677,139.323075,3.994503,10.219014
2017-05-18,117.789482,130.183889,139.334447,3.994548,10.219372
2017-05-19,117.771361,130.195867,139.345948,3.994614,10.219729
2017-05-22,117.750813,130.208729,139.357578,3.994699,10.220087
2017-05-23,117.728077,130.222593,139.369337,3.994806,10.220445
2017-05-24,117.703401,130.237573,139.381225,3.994935,10.220802
2017-05-25,117.677033,130.253784,139.393241,3.995085,10.22116
2017-05-26,117.649221,130.271337,139.405387,3.995259,10.221518
2017-05-29,117.620218,130.290341,139.417661,3.995456,10.221876
2017-05-30,117.590275,130.310902,139.430065,3.995677,10.222233
2017-05-31,117.559644,130.333123,139.442597,3.995922,10.222591
2017-06-01,117.528574,130.357104,139.455258,3.996192,10.222949
2017-06-02,117.497316,130.382944,139.468047,3.996487,10.223307
2017-06-05,117.466114,130.410735,139.480966,3.996807,10.223665
2017-06-06,117.435213,130.440569,139.494012,3.997152,10.224022
2017-06-07,117.404852,130.47253,139.507188,3.997523,10.22438
2017-06-08,117.375265,130.506703,139.520492,3.99792,10.224738
2017-06-09,117.346682,130.543165,139.533925,3.998342,10.225096
2017-06-12,117.319328,130.58199,139.547485,3.998791,10.225454
2017-06-13,117.29342,130.62325,139.561175,3.999266,10.225812
2017-06-14,117.269169,130.667009,139.574992,3.999767,10.22617
2017-06-15,117.246779,130.713328,139.588937,4.000294,10.226528
2017-06-16,117.226444,130.762263,139.603011,4.000846,10.226886
2017-06-19,117.208351,130.813866,139.617212,4.001425,10.227244
2017-06-20,117.192679,130.868184,139.631541,4.002029,10.227601
2017-06-21,117.179595,130.925258,139.645998,4.002658,10.227959
2017-06-22,117.169257,130.985124,139.660582,4.003313,10.228317
2017-06-23,117.161814,131.047813,139.675293,4.003992,10.228675
2017-06-26,117.157403,131.113352,139.690132,4.004695,10.229033
2017-06-27,117.15615,131.181762,139.705098,4.005423,10.229391
2017-06-28,117.158169,131.253057,139.720191,4.006174,10.22975
2017-06-29,117.163563,131.327248,139.73541,4.006948,10.230108
2017-06-30,117.172424,131.404339,139.750756,4.007745,10.230466
2017-07-03,117.184831,131.48433,139.766229,4.008564,10.230824
2017-07-04,117.20085,131.567214,139.781828,4.009404,10.231182
2017-07-05,117.220534,131.652979,139.797553,4.010265,10.23154
2017-07-06,117.243926,131.741609,139.813403,4.011146,10.231898
2017-07-07,117.271053,131.833081,139.82938,4.012047,10.232256
2017-07-10,117.301931,131.927366,139.845482,4.012966,10.232614
2017-07-11,117.336562,132.024432,139.861709,4.013902,10.232972
2017-07-12,117.374936,132.124239,139.878061,4.014856,10.233331
2017-07-13,117.417029,132.226744,139.894538,4.015826,10.233689
2017-07-14,117.462805,132.331896,139.91114,4.016811,10.234047
2017-07-17,117.512214,132.439642,139.927866,4.017811,10.234405
2017-07-18,117.565196,132.549922,139.944717,4.018824,10.234763
2017-07-19,117.621674,132.662672,139.961691,4.01985,10.235122
2017-07-20,117.681562,132.777821,139.978789,4.020886,10.23548
2017-07-21,117.74476,132.895295,139.99601,4.021934,10.235838
2017-07-24,117.811158,133.015015,140.013354,4.02299,10.236196
2017-07-25,117.880631,133.136898,140.030822,4.024055,10.236555
2017-07-26,117.953046,133.260855,140.048412,4.025127,10.236913
2017-07-27,118.028256,133.386794,140.066124,4.026205,10.237271
2017-07-28,118.106105,133.514617,140.083958,4.027287,10.237629
2017-07-31,118.186425,133.644225,140.101914,4.028373,10.237988
2017-08-01,118.269041,133.775512,140.119991,4.029462,10.238346
2017-08-02,118.353764,133.90837,140.13819,4.030552,10.238704
2017-08-03,118.440399,134.042687,140.156509,4.031642,10.239063
2017-08-04,118.528743,134.178348,140.174949,4.03273,10.239421
2017-08-07,118.618581,134.315234,140.193509,4.033817,10.23978
2017-08-08,118.709694,134.453224,140.212189,4.034899,10.240138
2017-08-09,118.801856,134.592194,140.230988,4.035976,10.240496
2017-08-10,118.894832,134.732017,140.249907,4.037047,10.240855
2017-08-11,118.988383,134.872564,140.268944,4.038111,10.241213
2017-08-14,119.082265,135.013703,140.2881,4.039165,10.241572
2017-08-15,119.176229,135.155302,140.307374,4.040209,10.24193
2017-08-16,119.270023,135.297225,140.326766,4.041242,10.242289
2017-08-17,119.363389,135.439338,140.346275,4.042262,10.242647
2017-08-18,119.456071,135.581502,140.365901,4.043267,10.243006
2017-08-21,119.547808,135.723578,140.385644,4.044258,10.243364
2017-08-22,119.638339,135.86543,140.405503,4.045231,10.243723
2017-08-23,119.727404,136.006916,140.425478,4.046187,10.244081
2017-08-24,119.814742,136.147898,140.445569,4.047123,10.24444
2017-08-25,119.900094,136.288236,140.465774,4.048039,10.244798
2017-08-28,119.983202,136.427791,140.486095,4.048933,10.245157
2017-08-29,120.063814,136.566425,140.506529,4.049803,10.245515
2017-08-30,120.141677,136.704001,140.527077,4.05065,10.245874
2017-08-31,120.216546,136.840382,140.547739,4.051471,10.246233
2017-09-01,120.288181,136.975433,140.568514,4.052265,10.246591
2017-09-04,120.356345,137.109021,140.589401,4.053031,10.24695
2017-09-05,120.42081,137.241015,140.6104,4.053768,10.247309
2017-09-06,120.481355,137.371286,140.631511,4.054475,10.247667
2017-09-07,120.537767,137.499708,140.652733,4.055151,10.248026
2017-09-08,120.589841,137.626156,140.674066,4.055794,10.248385
2017-09-11,120.637382,137.750509,140.695509,4.056404,10.248743
2017-09-12,120.680205,137.872651,140.717061,4.056979,10.249102
2017-09-13,120.718135,137.992466,140.738724,4.057519,10.249461
2017-09-14,120.751009,138.109844,140.760494,4.058022,10.249819
2017-09-15,120.778674,138.224679,140.782374,4.058488,10.250178
2017-09-18,120.800992,138.336867,140.804361,4.058916,10.250537
2017-09-19,120.817835,138.446311,140.826455,4.059304,10.250896
2017-09-20,120.829089,138.552917,140.848657,4.059652,10.251255
2017-09-21,120.834655,138.656596,140.870964,4.059959,10.251613
2017-09-22,120.834445,138.757264,140.893378,4.060225,10.251972
2017-09-25,120.828387,138.854842,140.915897,4.060448,10.252331
2017-09-26,120.816423,138.949255,140.93852,4.060628,10.25269
2017-09-27,120.798509,139.040437,140.961248,4.060764,10.253049
2017-09-28,120.774617,139.128324,140.98408,4.060856,10.253408
2017-09-29,120.744732,139.212859,141.007015,4.060904,10.253766
2017-10-02,120.708856,139.293991,141.030052,4.060905,10.254125
2017-10-03,120.667004,139.371674,141.053191,4.060861,10.254484
2017-10-04,120.619207,139.445869,141.076432,4.060771,10.254843
2017-10-05,120.565511,139.516543,141.099774,4.060634,10.255202
2017-10-06,120.505975,139.583668,141.123217,4.060449,10.255561
2017-10-09,120.440675,139.647224,141.146759,4.060218,10.25592
2017-10-10,120.369699,139.707196,141.1704,4.059939,10.256279
2017-10-11,120.29315,139.763576,141.194141,4.059612,10.256638
2017-10-12,120.211145,139.816362,141.217979,4.059237,10.256997
2017-10-13,120.123813,139.865557,141.241914,4.058814,10.257356
2017-10-16,120.031297,139.911173,141.265947,4.058343,10.257715
2017-10-17,119.933752,139.953227,141.290076,4.057824,10.258074
2017-10-18,119.831345,139.99174,141.3143,4.057257,10.258433
2017-10-19,119.724255,140.026743,141.33862,4.056641,10.258792
2017-10-20,119.612672,140.05827,141.363034,4.055978,10.259151
2017-10-23,119.496794,140.086364,141.387542,4.055268,10.25951
2017-10-24,119.376831,140.111071,141.412143,4.05451,10.259869
2017-10-25,119.253001,140.132444,141.436837,4.053705,10.260228
2017-10-26,119.125532,140.150543,141.461622,4.052853,10.260587
2017-10-27,118.994657,140.165431,141.486499,4.051954,10.260947
2017-10-30,118.860619,140.177179,141.511467,4.05101,10.261306
2017-10-31,118.723665,140.185861,141.536525,4.05002,10.261665
2017-11-01,118.584048,140.191558,141.561672,4.048985,10.262024
2017-11-02,118.442026,140.194355,141.586907,4.047906,10.262383
2017-11-03,118.297862,140.194342,141.612231,4.046783,10.262742
2017-11-06,118.151821,140.191614,141.637642,4.045617,10.263102
2017-11-07,118.004171,140.18627,141.66314,4.044408,10.263461
2017-11-08,117.855182,140.178412,141.688723,4.043158,10.26382
2017-11-09,117.705125,140.168148,141.714392,4.041866,10.264179
2017-11-10,117.554271,140.155588,141.740146,4.040535,10.264539
2017-11-13,117.40289,140.140847,141.765984,4.039164,10.264898
2017-11-14,117.251252,140.124042,141.791905,4.037755,10.265257
2017-11-15,117.099625,140.105294,141.817908,4.036308,10.265616
2017-11-16,116.948274,140.084727,141.843993,4.034825,10.265976
2017-11-17,116.79746,140.062465,141.87016,4.033307,10.266335
2017-11-20,116.647441,140.038637,141.896407,4.031754,10.266694
2017-11-21,116.49847,140.013373,141.922733,4.030168,10.267054
2017-11-22,116.350796,139.986804,141.949139,4.02855,10.267413
2017-11-23,116.204659,139.959064,141.975623,4.0269,10.267772
2017-11-24,116.060296,139.930288,142.002184,4.025221,10.268132
2017-11-27,115.917934,139.900609,142.028822,4.023513,10.268491
2017-11-28,115.777796,139.870165,142.055536,4.021778,10.268851
2017-11-29,115.640092,139.839092,142.082326,4.020016,10.26921
2017-11-30,115.505028,139.807526,142.10919,4.01823,10.269569
2017-12-01,115.372799,139.775603,142.136128,4.01642,10.269929
2017-12-04,115.243589,139.74346,142.163139,4.014587,10.270288
2017-12-05,115.117575,139.711231,142.190222,4.012733,10.270648
2017-12-06,114.994922,139.679051,142.217377,4.01086,10.271007
2017-12-07,114.875785,139.647052,142.244603,4.008969,10.271367
2017-12-08,114.760306,139.615367,142.271898,4.00706,10.271726
2017-12-11,114.64862,139.584125,142.299263,4.005136,10.272086
2017-12-12,114.540846,139.553454,142.326697,4.003198,10.272445
2017-12-13,114.437093,139.523481,142.354198,4.001248,10.272805
2017-12-14,114.33746,139.494328,142.381765,3.999286,10.273164
2017-12-15,114.24203,139.466116,142.409399,3.997314,10.273524
2017-12-18,114.150877,139.438963,142.437099,3.995334,10.273884
2017-12-19,114.06406,139.412984,142.464863,3.993347,10.274243
2017-12-20,113.981628,139.388291,142.49269,3.991354,10.274603
2017-12-21,113.903616,139.364992,142.52058,3.989357,10.274962
2017-12-22,113.830046,139.34319,142.548533,3.987358,10.275322
2017-12-25,113.760929,139.322987,142.576547,3.985357,10.275682
2017-12-26,113.696261,139.30448,142.604621,3.983356,10.276041
2017-12-27,113.636029,139.287759,142.632755,3.981358,10.276401
2017-12-28,113.580204,139.272914,142.660948,3.979362,10.276761
2017-12-29,113.528746,139.260028,142.689199,3.97737,10.27712
2018-01-01,113.481604,139.249179,142.717507,3.975385,10.27748
2018-01-02,113.438714,139.240442,142.745871,3.973407,10.27784
2018-01-03,113.400001,139.233884,142.774291,3.971437,10.278199
2018-01-04,113.365376,139.229571,142.802766,3.969477,10.278559
2018-01-05,113.334742,139.227561,142.831294,3.967529,10.278919
2018-01-08,113.307988,139.227908,142.859875,3.965593,10.279279
2018-01-09,113.284995,139.230658,142.888509,3.96367,10.279638
2018-01-10,113.265632,139.235856,142.917194,3.961764,10.279998
2018-01-11,113.249757,139.243538,142.945929,3.959873,10.280358
2018-01-12,113.237222,139.253736,142.974714,3.958,10.280718
2018-01-15,113.227865,139.266475,143.003548,3.956146,10.281078
2018-01-16,113.221519,139.281776,143.03243,3.954312,10.281438
2018-01-17,113.218006,139.299652,143.061358,3.952499,10.281797
2018-01-18,113.217143,139.320114,143.090333,3.950709,10.282157
2018-01-19,113.218736,139.343164,143.119353,3.948942,10.282517
2018-01-22,113.222587,139.368798,143.148418,3.947199,10.282877
2018-01-23,113.228491,139.397008,143.177526,3.945482,10.283237
2018-01-24,113.236237,139.427781,143.206677,3.943791,10.283597
2018-01-25,113.245608,139.461094,143.235869,3.942128,10.283957
2018-01-26,113.256385,139.496924,143.265102,3.940493,10.284317
2018-01-29,113.268341,139.535237,143.294376,3.938888,10.284677
2018-01-30,113.28125,139.575998,143.323688,3.937312,10.285037
2018-01-31,113.29488,139.619163,143.353039,3.935768,10.285397
2018-02-01,113.308999,139.664683,143.382427,3.934255,10.285757
2018-02-02,113.323373,139.712506,143.411852,3.932775,10.286117
2018-02-05,113.337767,139.762573,143.441312,3.931328,10.286477
2018-02-06,113.351946,139.814818,143.470807,3.929915,10.286837
2018-02-07,113.365676,139.869173,143.500336,3.928536,10.287197
2018-02-08,113.378725,139.925564,143.529897,3.927193,10.287557
2018-02-09,113.390862,139.98391,143.559491,3.925885,10.287917
2018-02-12,113.401859,140.044129,143.589115,3.924613,10.288277
2018-02-13,113.411491,140.106132,143.61877,3.923378,10.288637
2018-02-14,113.419539,140.169825,143.648454,3.92218,10.288997
2018-02-15,113.425787,140.235111,143.678166,3.921019,10.289357
2018-02-16,113.430024,140.301889,143.707905,3.919896,10.289717
2018-02-19,113.432047,140.370054,143.737671,3.918811,10.290078
2018-02-20,113.431659,140.439496,143.767463,3.917765,10.290438
2018-02-21,113.428669,140.510103,143.797279,3.916756,10.290798
2018-02-22,113.422896,140.581757,143.827119,3.915787,10.291158
2018-02-23,113.414167,140.654341,143.856982,3.914856,10.291518
2018-02-26,113.402316,140.727733,143.886867,3.913964,10.291879
2018-02-27,113.387191,140.801806,143.916772,3.913111,10.292239
2018-02-28,113.368645,140.876433,143.946698,3.912297,10.292599
2018-03-01,113.346546,140.951486,143.976643,3.911522,10.292959
2018-03-02,113.32077,141.026832,144.006605,3.910785,10.29332
2018-03-05,113.291207,141.102338,144.036585,3.910087,10.29368
2018-03-06,113.257756,141.177868,144.066582,3.909428,10.29404
2018-03-07,113.22033,141.253287,144.096594,3.908806,10.2944
2018-03-08,113.178854,141.328456,144.12662,3.908223,10.294761
2018-03-09,113.133267,141.403239,144.156659,3.907677,10.295121
2018-03-12,113.083518,141.477496,144.186712,3.907168,10.295481
2018-03-13,113.029572,141.551089,144.216775,3.906696,10.295842
2018-03-14,112.971406,141.623878,144.24685,3.906261,10.296202
2018-03-15,112.90901,141.695726,144.276934,3.905862,10.296562
2018-03-16,112.842388,141.766494,144.307027,3.905498,10.296923
2018-03-19,112.771558,141.836045,144.337128,3.905169,10.297283
2018-03-20,112.696549,141.904245,144.367236,3.904874,10.297644
2018-03-21,112.617406,141.970957,144.397349,3.904613,10.298004
2018-03-22,112.534185,142.03605,144.427468,3.904385,10.298364
2018-03-23,112.446957,142.099392,144.45759,3.90419,10.298725
2018-03-26,112.355805,142.160856,144.487716,3.904026,10.299085
2018-03-27,112.260823,142.220314,144.517844,3.903893,10.299446
2018-03-28,112.162119,142.277643,144.547973,3.903791,10.299806
2018-03-29,112.059813,142.332724,144.578103,3.903717,10.300167
2018-03-30,111.954035,142.385438,144.608232,3.903672,10.300527
2018-04-02,111.844927,142.435672,144.638359,3.903655,10.300888
2018-04-03,111.732642,142.483317,144.668483,3.903665,10.301248
2018-04-04,111.617344,142.528265,144.698604,3.9037,10.301609
2018-04-05,111.499205,142.570416,144.72872,3.903761,10.30197
2018-04-06,111.378406,142.609672,144.758831,3.903845,10.30233
2018-04-09,111.25514,142.645941,144.788936,3.903952,10.302691
2018-04-10,111.129604,142.679133,144.819033,3.904081,10.303051
2018-04-11,111.002005,142.709167,144.849122,3.90423,10.303412
2018-04-12,110.872556,142.735965,144.879202,3.9044,10.303773
2018-04-13,110.741477,142.759453,144.909271,3.904588,10.304133
2018-04-16,110.608993,142.779566,144.93933,3.904794,10.304494
2018-04-17,110.475335,142.796242,144.969376,3.905017,10.304854
2018-04-18,110.340736,142.809426,144.999409,3.905254,10.305215
2018-04-19,110.205437,142.819068,145.029428,3.905506,10.305576
2018-04-20,110.069677,142.825125,145.059432,3.905772,10.305937
2018-04-23,109.9337,142.827559,145.089421,3.906049,10.306297
2018-04-24,109.797753,142.82634,145.119392,3.906337,10.306658
2018-04-25,109.662081,142.821442,145.149345,3.906635,10.307019
2018-04-26,109.526931,142.812847,145.17928,3.906941,10.307379
2018-04-27,109.39255,142.800544,145.209195,3.907254,10.30774
2018-04-30,109.259183,142.784526,145.23909,3.907574,10.308101
2018-05-01,109.127074,142.764794,145.268963,3.907899,10.308462
2018-05-02,108.996464,142.741356,145.298813,3.908227,10.308823
2018-05-03,108.867593,142.714225,145.328639,3.908558,10.309183
2018-05-04,108.740696,142.683422,145.358442,3.908891,10.309544
2018-05-07,108.616003,142.648972,145.388219,3.909224,10.309905
2018-05-08,108.493742,142.61091,145.417969,3.909556,10.310266
2018-05-09,108.374134,142.569273,145.447692,3.909886,10.310627
2018-05-10,108.257395,142.524107,145.477387,3.910213,10.310988
2018-05-11,108.143733,142.475464,145.507053,3.910535,10.311349
2018-05-14,108.033353,142.423401,145.536689,3.910853,10.311709
2018-05-15,107.926448,142.36798,145.566294,3.911164,10.31207
2018-05-16,107.823208,142.309272,145.595866,3.911467,10.312431
2018-05-17,107.723812,142.247349,145.625406,3.911762,10.312792
2018-05-18,107.628431,142.182293,145.654912,3.912047,10.313153
2018-05-21,107.537228,142.114189,145.684383,3.912321,10.313514
2018-05-22,107.450355,142.043126,145.713819,3.912584,10.313875
2018-05-23,107.367957,141.969199,145.743217,3.912834,10.314236
2018-05-24,107.290168,141.89251,145.772579,3.913071,10.314597
2018-05-25,107.21711,141.813161,145.801901,3.913293,10.314958
2018-05-28,107.148897,141.731262,145.831184,3.913499,10.315319
2018-05-29,107.085631,141.646926,145.860427,3.913689,10.31568
2018-05-30,107.027405,141.560268,145.889629,3.913862,10.316041
2018-05-31,106.974299,141.47141,145.918788,3.914018,10.316402
2018-06-01,106.926382,141.380474,145.947904,3.914154,10.316763
2018-06-04,106.883713,141.287588,145.976976,3.914271,10.317125
2018-06-05,106.846338,141.19288,146.006003,3.914367,10.317486
2018-06-06,106.814292,141.096483,146.034985,3.914443,10.317847
2018-06-07,106.7876,140.998531,146.063919,3.914497,10.318208
2018-06-08,106.766272,140.899161,146.092806,3.914529,10.318569
2018-06-11,106.75031,140.798511,146.121644,3.914538,10.31893
2018-06-12,106.739702,140.696721,146.150433,3.914524,10.319291
2018-06-13,106.734426,140.593932,146.179171,3.914487,10.319653
2018-06-14,106.734447,140.490286,146.207858,3.914424,10.320014
2018-06-15,106.739719,140.385925,146.236492,3.914338,10.320375
2018-06-18,106.750186,140.280995,146.265074,3.914226,10.320736
2018-06-19,106.76578,140.175636,146.293602,3.914088,10.321097
2018-06-20,106.786422,140.069994,146.322074,3.913925,10.321459
2018-06-21,106.812022,139.964212,146.350491,3.913736,10.32182
2018-06-22,106.842479,139.85843,146.378851,3.913521,10.322181
2018-06-25,106.877682,139.752793,146.407154,3.91328,10.322542
2018-06-26,106.917512,139.647438,146.435398,3.913012,10.322904
2018-06-27,106.961838,139.542507,146.463582,3.912717,10.323265
2018-06-28,107.010519,139.438136,146.491707,3.912396,10.323626
2018-06-29,107.063407,139.334461,146.51977,3.912048,10.323988
2018-07-02,107.120343,139.231615,146.547772,3.911674,10.324349
2018-07-03,107.181162,139.12973,146.575711,3.911273,10.32471
2018-07-04,107.245688,139.028933,146.603585,3.910846,10.325072
2018-07-05,107.313741,138.929351,146.631396,3.910393,10.325433
2018-07-06,107.385131,138.831107,146.659141,3.909913,10.325795
2018-07-09,107.459662,138.73432,146.68682,3.909409,10.326156
2018-07-10,107.537133,138.639107,146.714431,3.908878,10.326517
2018-07-11,107.617337,138.545579,146.741975,3.908323,10.326879
2018-07-12,107.70006,138.453845,146.76945,3.907743,10.32724
2018-07-13,107.785085,138.364011,146.796855,3.907139,10.327602
2018-07-16,107.872192,138.276177,146.824189,3.906511,10.327963
2018-07-17,107.961155,138.190439,146.851453,3.90586,10.328325
2018-07-18,108.051747,138.106889,146.878644,3.905186,10.328686
2018-07-19,108.143737,138.025615,146.905762,3.90449,10.329048
2018-07-20,108.236895,137.946699,146.932806,3.903772,10.329409
2018-07-23,108.330988,137.870218,146.959776,3.903034,10.329771
2018-07-24,108.425783,137.796246,146.98667,3.902276,10.330132
2018-07-25,108.521046,137.72485,147.013488,3.901498,10.330494
2018-07-26,108.616547,137.656092,147.040229,3.900702,10.330855
2018-07-27,108.712054,137.59003,147.066892,3.899888,10.331217
2018-07-30,108.80734,137.526715,147.093476,3.899057,10.331579
2018-07-31,108.902179,137.466194,147.11998,3.89821,10.33194
2018-08-01,108.996349,137.408508,147.146405,3.897348,10.332302
2018-08-02,109.089632,137.353692,147.172748,3.896472,10.332664
2018-08-03,109.181816,137.301776,147.199009,3.895582,10.333025
2018-08-06,109.272693,137.252783,147.225188,3.894681,10.333387
2018-08-07,109.362061,137.206733,147.251283,3.893768,10.333749
2018-08-08,109.449724,137.163637,147.277294,3.892845,10.33411
2018-08-09,109.535496,137.123504,147.30322,3.891912,10.334472
2018-08-10,109.619195,137.086334,147.32906,3.890972,10.334834
2018-08-13,109.70065,137.052123,147.354814,3.890025,10.335195
2018-08-14,109.779698,137.020862,147.38048,3.889072,10.335557
2018-08-15,109.856185,136.992534,147.406059,3.888115,10.335919
2018-08-16,109.929968,136.967119,147.431548,3.887154,10.336281
2018-08-17,110.000911,136.944589,147.456948,3.88619,10.336642
2018-08-20,110.068894,136.924914,147.482258,3.885226,10.337004
2018-08-21,110.133802,136.908054,147.507476,3.884262,10.337366
2018-08-22,110.195537,136.893968,147.532603,3.883299,10.337728
2018-08-23,110.254009,136.882606,147.557637,3.882339,10.33809
2018-08-24,110.309142,136.873916,147.582579,3.881383,10.338451
2018-08-27,110.36087,136.86784,147.607426,3.880432,10.338813
2018-08-28,110.409142,136.864313,147.632178,3.879487,10.339175
2018-08-29,110.453918,136.863268,147.656836,3.87855,10.339537
2018-08-30,110.495172,136.864632,147.681397,3.877622,10.339899
2018-08-31,110.53289,136.868327,147.705861,3.876704,10.340261
2018-09-03,110.567071,136.874271,147.730228,3.875798,10.340623
2018-09-04,110.597727,136.882378,147.754497,3.874904,10.340985
2018-09-05,110.624883,136.892557,147.778667,3.874024,10.341347
2018-09-06,110.648576,136.904716,147.802737,3.87316,10.341709
2018-09-07,110.668858,136.918754,147.826707,3.872312,10.342071
2018-09-10,110.68579,136.93457,147.850577,3.871482,10.342433
2018-09-11,110.699448,136.95206,147.874344,3.87067,10.342794
2018-09-12,110.70992,136.971115,147.89801,3.869879,10.343156
2018-09-13,110.717304,136.991623,147.921573,3.86911,10.343519
2018-09-14,110.721711,137.013471,147.945032,3.868363,10.343881
2018-09-17,110.723263,137.036541,147.968387,3.867639,10.344243
2018-09-18,110.722091,137.060713,147.991638,3.866941,10.344605
2018-09-19,110.71834,137.085868,148.014783,3.866269,10.344967
2018-09-20,110.712162,137.111881,148.037822,3.865624,10.345329
2018-09-21,110.703719,137.138627,148.060754,3.865008,10.345691
2018-09-24,110.693183,137.16598,148.083579,3.864421,10.346053
2018-09-25,110.680732,137.193812,148.106296,3.863864,10.346415
2018-09-26,110.666555,137.221994,148.128905,3.863339,10.346777
2018-09-27,110.650846,137.250397,148.151405,3.862847,10.347139
2018-09-28,110.633807,137.27889,148.173795,3.862389,10.347502
2018-10-01,110.615646,137.307344,148.196074,3.861965,10.347864
2018-10-02,110.596575,137.335629,148.218243,3.861577,10.348226
2018-10-03,110.576813,137.363614,148.240301,3.861225,10.348588
2018-10-04,110.556582,137.391171,148.262246,3.86091,10.34895
2018-10-05,110.536108,137.41817,148.284079,3.860634,10.349313
2018-10-08,110.51562,137.444485,148.305798,3.860397,10.349675
2018-10-09,110.495349,137.469988,148.327405,3.860199,10.350037
2018-10-10,110.475528,137.494556,148.348896,3.860042,10.350399
2018-10-11,110.45639,137.518066,148.370273,3.859927,10.350762
2018-10-12,110.43817,137.540397,148.391535,3.859853,10.351124
2018-10-15,110.421101,137.56143,148.412681,3.859823,10.351486
2018-10-16,110.405415,137.58105,148.433711,3.859835,10.351848
2018-10-17,110.391346,137.599144,148.454623,3.859891,10.352211
2018-10-18,110.37912,137.615601,148.475419,3.859992,10.352573
2018-10-19,110.368964,137.630316,148.496096,3.860137,10.352935
2018-10-22,110.361101,137.643184,148.516655,3.860328,10.353298
2018-10-23,110.355749,137.654107,148.537095,3.860565,10.35366
2018-10-24,110.353122,137.662989,148.557416,3.860848,10.354023
2018-10-25,110.353429,137.669738,148.577617,3.861177,10.354385
2018-10-26,110.356872,137.674267,148.597698,3.861553,10.354747
2018-10-29,110.363649,137.676494,148.617658,3.861976,10.35511
2018-10-30,110.373949,137.676341,148.637496,3.862446,10.355472
2018-10-31,110.387954,137.673734,148.657213,3.862964,10.355835
2018-11-01,110.40584,137.668606,148.676808,3.863529,10.356197
2018-11-02,110.427774,137.660893,148.69628,3.864142,10.35656
2018-11-05,110.453912,137.650539,148.715629,3.864802,10.356922
2018-11-06,110.484405,137.637492,148.734855,3.865511,10.357285
2018-11-07,110.519392,137.621703,148.753956,3.866266,10.357647
2018-11-08,110.559003,137.603134,148.772934,3.86707,10.35801
2018-11-09,110.603358,137.581748,148.791787,3.867921,10.358372
2018-11-12,110.652565,137.557516,148.810514,3.868819,10.358735
2018-11-13,110.706724,137.530416,148.829116,3.869764,10.359097
2018-11-14,110.765922,137.500429,148.847593,3.870755,10.35946
2018-11-15,110.830236,137.467544,148.865943,3.871794,10.359822
2018-11-16,110.899731,137.431756,148.884166,3.872878,10.360185
2018-11-19,110.97446,137.393065,148.902262,3.874008,10.360548
2018-11-20,111.054465,137.351478,148.920231,3.875183,10.36091
2018-11-21,111.139776,137.307009,148.938072,3.876404,10.361273
2018-11-22,111.230411,137.259675,148.955785,3.877668,10.361636
2018-11-23,111.326375,137.209501,148.97337,3.878976,10.361998
2018-11-26,111.427661,137.156519,148.990826,3.880328,10.362361
2018-11-27,111.534252,137.100764,149.008153,3.881722,10.362724
2018-11-28,111.646116,137.042279,149.02535,3.883158,10.363086
2018-11-29,111.76321,136.981113,149.042418,3.884635,10.363449
2018-11-30,111.885479,136.917319,149.059355,3.886152,10.363812
2018-12-03,112.012855,136.850956,149.076162,3.887709,10.364174
2018-12-04,112.14526,136.78209,149.092839,3.889305,10.364537
2018-12-05,112.282602,136.710789,149.109385,3.890939,10.3649
2018-12-06,112.424779,136.63713,149.125799,3.89261,10.365263
2018-12-07,112.571676,136.561191,149.142082,3.894317,10.365626
2018-12-10,112.723168,136.483059,149.158233,3.896059,10.365988
2018-12-11,112.879118,136.402822,149.174253,3.897835,10.366351
2018-12-12,113.039379,136.320574,149.19014,3.899645,10.366714
2018-12-13,113.203794,136.236414,149.205894,3.901487,10.367077
2018-12-14,113.372193,136.150444,149.221516,3.90336,10.36744
2018-12-17,113.5444,136.06277,149.237005,3.905262,10.367803
2018-12-18,113.720227,135.973502,149.252361,3.907194,10.368165
2018-12-19,113.899478,135.882753,149.267583,3.909153,10.368528
2018-12-20,114.081948,135.79064,149.282672,3.911139,10.368891
2018-12-21,114.267424,135.697281,149.297626,3.91315,10.369254
2018-12-24,114.455686,135.6028,149.312447,3.915185,10.369617
2018-12-25,114.646506,135.50732,149.327134,3.917243,10.36998
2018-12-26,114.83965,135.410969,149.341686,3.919323,10.370343
2018-12-27,115.034877,135.313876,149.356104,3.921422,10.370706
2018-12-28,115.231942,135.216171,149.370387,3.923541,10.371069
2018-12-31,115.430593,135.117987,149.384535,3.925677,10.371432
2019-01-01,115.630576,135.019457,149.398548,3.92783,10.371795
2019-01-02,115.831632,134.920715,149.412426,3.929998,10.372158
2019-01-03,116.0335,134.821898,149.426169,3.932179,10.372521
2019-01-04,116.235915,134.72314,149.439776,3.934372,10.372884
2019-01-07,116.438613,134.624578,149.453248,3.936577,10.373247
2019-01-08,116.641327,134.526347,149.466584,3.938791,10.37361
2019-01-09,116.84379,134.428584,149.479785,3.941013,10.373973
2019-01-10,117.045738,134.331424,149.492849,3.943241,10.374336
2019-01-11,117.246904,134.235002,149.505777,3.945476,10.374699
2019-01-14,117.447026,134.13945,149.51857,3.947714,10.375063
2019-01-15,117.645844,134.044902,149.531226,3.949954,10.375426
2019-01-16,117.843102,133.951488,149.543746,3.952196,10.375789
2019-01-17,118.038547,133.859338,149.55613,3.954438,10.376152
2019-01-18,118.231932,133.768578,149.568378,3.956678,10.376515
2019-01-21,118.423015,133.679335,149.580489,3.958916,10.376878
2019-01-22,118.611561,133.59173,149.592464,3.961149,10.377242
2019-01-23,118.79734,133.505885,149.604302,3.963376,10.377605
2019-01-24,118.980133,133.421917,149.616004,3.965597,10.377968
2019-01-25,119.159727,133.339939,149.62757,3.967809,10.378331
2019-01-28,119.335918,133.260065,149.638998,3.970012,10.378694
2019-01-29,119.508513,133.182402,149.650291,3.972203,10.379058
2019-01-30,119.677328,133.107054,149.661447,3.974383,10.379421
2019-01-31,119.84219,133.034123,149.672466,3.976549,10.379784
2019-02-01,120.002938,132.963706,149.683349,3.978701,10.380148
2019-02-04,120.159422,132.895895,149.694096,3.980837,10.380511
2019-02-05,120.311504,132.83078,149.704706,3.982955,10.380874
2019-02-06,120.45906,132.768446,149.71518,3.985056,10.381238
2019-02-07,120.601978,132.708972,149.725518,3.987137,10.381601
2019-02-08,120.740159,132.652434,149.735719,3.989198,10.381964
2019-02-11,120.873519,132.598904,149.745784,3.991237,10.382328
2019-02-12,121.001988,132.548447,149.755713,3.993254,10.382691
2019-02-13,121.125508,132.501126,149.765506,3.995248,10.383054
2019-02-14,121.244038,132.456995,149.775163,3.997216,10.383418
2019-02-15,121.35755,132.416108,149.784684,3.999159,10.383781
2019-02-18,121.466031,132.37851,149.794069,4.001076,10.384145
2019-02-19,121.569482,132.344241,149.803319,4.002966,10.384508
2019-02-20,121.66792,132.313339,149.812433,4.004827,10.384872
2019-02-21,121.761375,132.285833,149.821412,4.006659,10.385235
2019-02-22,121.849892,132.261749,149.830255,4.008462,10.385599
2019-02-25,121.93353,132.241105,149.838963,4.010234,10.385962
2019-02-26,122.012363,132.223917,149.847537,4.011975,10.386326
2019-02-27,122.086477,132.210194,149.855975,4.013685,10.386689
2019-02-28,122.155973,132.199939,149.864279,4.015362,10.387053
2019-03-01,122.220963,132.19315,149.872448,4.017006,10.387416
2019-03-04,122.281576,132.189819,149.880482,4.018616,10.38778
2019-03-05,122.337949,132.189934,149.888383,4.020193,10.388143
2019-03-06,122.390232,132.193477,149.89615,4.021735,10.388507
2019-03-07,122.438587,132.200424,149.903782,4.023243,10.388871
2019-03-08,122.483188,132.210746,149.911281,4.024715,10.389234
2019-03-11,122.524217,132.22441,149.918647,4.026152,10.389598
2019-03-12,122.561866,132.241375,149.92588,4.027554,10.389961
2019-03-13,122.596338,132.261598,149.932979,4.028919,10.390325
2019-03-14,122.627842,132.28503,149.939946,4.030249,10.390689
2019-03-15,122.656596,132.311614,149.946781,4.031543,10.391052
2019-03-18,122.682825,132.341293,149.953483,4.0328,10.391416
2019-03-19,122.706762,132.374003,149.960053,4.034021,10.39178
2019-03-20,122.728641,132.409674,149.966491,4.035206,10.392144
2019-03-21,122.748706,132.448233,149.972798,4.036355,10.392507
2019-03-22,122.767202,132.489602,149.978974,4.037468,10.392871
2019-03-25,122.784379,132.5337,149.985019,4.038546,10.393235
2019-03-26,122.800489,132.58044,149.990933,4.039587,10.393599
2019-03-27,122.815786,132.629733,149.996717,4.040594,10.393962
2019-03-28,122.830525,132.681483,150.002371,4.041565,10.394326
2019-03-29,122.844962,132.735593,150.007895,4.042502,10.39469
2019-04-01,122.859352,132.791963,150.01329,4.043404,10.395054
2019-04-02,122.873949,132.850486,150.018556,4.044273,10.395418
2019-04-03,122.889005,132.911056,150.023693,4.045108,10.395781
2019-04-04,122.904771,132.973562,150.028701,4.04591,10.396145
2019-04-05,122.921493,133.03789,150.033582,4.04668,10.396509
2019-04-08,122.939413,133.103924,150.038335,4.047418,10.396873
2019-04-09,122.958768,133.171546,150.04296,4.048125,10.397237
2019-04-10,122.979793,133.240634,150.047459,4.048802,10.397601
2019-04-11,123.002713,133.311066,150.05183,4.049449,10.397965
2019-04-12,123.027748,133.382717,150.056076,4.050066,10.398329
2019-04-15,123.055111,133.455463,150.060196,4.050656,10.398693
2019-04-16,123.085007,133.529175,150.06419,4.051218,10.399057
2019-04-17,123.117633,133.603725,150.068059,4.051754,10.399421
2019-04-18,123.153176,133.678984,150.071804,4.052264,10.399785
2019-04-19,123.191814,133.754823,150.075424,4.052749,10.400149
2019-04-22,123.233717,133.831112,150.078921,4.053211,10.400513
2019-04-23,123.279041,133.90772,150.082294,4.053649,10.400877
2019-04-24,123.327935,133.984518,150.085544,4.054066,10.401241
2019-04-25,123.380534,134.061376,150.088671,4.054462,10.401605
2019-04-26,123.436962,134.138165,150.091677,4.054837,10.401969
2019-04-29,123.497333,134.214759,150.094561,4.055194,10.402333
2019-04-30,123.561746,134.291029,150.097323,4.055534,10.402697
2019-05-01,123.63029,134.366851,150.099965,4.055856,10.403061
2019-05-02,123.703038,134.4421,150.102487,4.056164,10.403425
2019-05-03,123.780053,134.516656,150.104889,4.056456,10.403789
2019-05-06,123.861384,134.590398,150.107172,4.056736,10.404153
2019-05-07,123.947066,134.663209,150.109335,4.057003,10.404518
2019-05-08,124.03712,134.734974,150.111381,4.05726,10.404882
2019-05-09,124.131555,134.805582,150.113309,4.057507,10.405246
2019-05-10,124.230364,134.874923,150.115119,4.057745,10.40561
2019-05-13,124.333529,134.942893,150.116813,4.057976,10.405974
2019-05-14,124.441017,135.009389,150.118391,4.0582,10.406339
2019-05-15,124.552779,135.074313,150.119853,4.05842,10.406703
2019-05-16,124.668757,135.13757,150.121199,4.058636,10.407067
2019-05-17,124.788875,135.199071,150.122431,4.058849,10.407431
2019-05-20,124.913046,135.258728,150.123549,4.059061,10.407796
2019-05-21,125.041169,135.316462,150.124554,4.059273,10.40816
2019-05-22,125.173129,135.372194,150.125445,4.059486,10.408524
2019-05-23,125.3088,135.425853,150.126224,4.059702,10.408888
2019-05-24,125.448043,135.477372,150.126891,4.05992,10.409253
2019-05-27,125.590704,135.526688,150.127447,4.060143,10.409617
2019-05-28,125.73662,135.573745,150.127892,4.060372,10.409981
2019-05-29,125.885615,135.618491,150.128228,4.060608,10.410346
2019-05-30,126.037502,135.660881,150.128453,4.060852,10.41071
2019-05-31,126.192083,135.700874,150.12857,4.061105,10.411074
2019-06-03,126.349149,135.738435,150.128578,4.061369,10.411439
2019-06-04,126.508483,135.773535,150.128479,4.061644,10.411803
2019-06-05,126.669855,135.806152,150.128273,4.061931,10.412168
2019-06-06,126.83303,135.836267,150.12796,4.062232,10.412532
2019-06-07,126.997763,135.863869,150.127542,4.062547,10.412897
2019-06-10,127.1638,135.888952,150.127018,4.062878,10.413261
2019-06-11,127.330881,135.911518,150.12639,4.063225,10.413626
2019-06-12,127.49874,135.931571,150.125658,4.06359,10.41399
2019-06-13,127.667105,135.949124,150.124823,4.063973,10.414354
2019-06-14,127.835698,135.964196,150.123885,4.064375,10.414719
2019-06-17,128.004238,135.976809,150.122845,4.064798,10.415084
2019-06-18,128.17244,135.986994,150.121704,4.065242,10.415448
2019-06-19,128.340015,135.994786,150.120463,4.065707,10.415813
2019-06-20,128.506673,136.000226,150.119121,4.066195,10.416177
2019-06-21,128.672122,136.003361,150.11768,4.066706,10.416542
2019-06-24,128.836071,136.004242,150.116141,4.067242,10.416906
2019-06-25,128.998228,136.002927,150.114504,4.067802,10.417271
2019-06-26,129.158302,135.99948,150.11277,4.068387,10.417636
2019-06-27,129.316005,135.993967,150.11094,4.068999,10.418
2019-06-28,129.471051,135.986461,150.109013,4.069636,10.418365
2019-07-01,129.623158,135.977041,150.106992,4.070301,10.418729
2019-07-02,129.772048,135.965788,150.104877,4.070994,10.419094
2019-07-03,129.917449,135.952789,150.102667,4.071714,10.419459
2019-07-04,130.059096,135.938136,150.100366,4.072463,10.419823
2019-07-05,130.196728,135.921923,150.097972,4.07324,10.420188
2019-07-08,130.330094,135.904249,150.095486,4.074047,10.420553
2019-07-09,130.458951,135.885219,150.09291,4.074882,10.420918
2019-07-10,130.583066,135.864937,150.090245,4.075748,10.421282
2019-07-11,130.702214,135.843514,150.08749,4.076643,10.421647
2019-07-12,130.816183,135.821063,150.084646,4.077567,10.422012
2019-07-15,130.92477,135.797699,150.081716,4.078522,10.422377
2019-07-16,131.027785,135.773541,150.078698,4.079507,10.422741
2019-07-17,131.125052,135.748709,150.075594,4.080522,10.423106
2019-07-18,131.216405,135.723326,150.072405,4.081567,10.423471
2019-07-19,131.301695,135.697517,150.069132,4.082642,10.423836
2019-07-22,131.380786,135.671408,150.065775,4.083747,10.424201
2019-07-23,131.453555,135.645127,150.062335,4.084881,10.424566
2019-07-24,131.519896,135.618804,150.058813,4.086045,10.42493
2019-07-25,131.579717,135.592567,150.055209,4.087238,10.425295
2019-07-26,131.632943,135.566549,150.051525,4.08846,10.42566
2019-07-29,131.679514,135.540879,150.047762,4.08971,10.426025
2019-07-30,131.719386,135.515689,150.043919,4.090989,10.42639
2019-07-31,131.752532,135.49111,150.039998,4.092295,10.426755
2019-08-01,131.778941,135.467274,150.036,4.093629,10.42712
2019-08-02,131.798617,135.444309,150.031926,4.094989,10.427485
2019-08-05,131.811583,135.422346,150.027776,4.096376,10.42785
2019-08-06,131.817876,135.401513,150.023551,4.097788,10.428215
2019-08-07,131.81755,135.381937,150.019253,4.099225,10.42858
2019-08-08,131.810675,135.363744,150.014881,4.100686,10.428945
2019-08-09,131.797337,135.347057,150.010437,4.102171,10.42931
2019-08-12,131.777638,135.331998,150.005921,4.103679,10.429675
2019-08-13,131.751692,135.318688,150.001335,4.105209,10.43004
2019-08-14,131.719632,135.307242,149.996679,4.10676,10.430405
2019-08-15,131.681603,135.297777,149.991954,4.108331,10.43077
2019-08-16,131.637764,135.290403,149.987162,4.109921,10.431135
2019-08-19,131.588288,135.285229,149.982302,4.11153,10.4315
2019-08-20,131.533359,135.282362,149.977376,4.113157,10.431865
2019-08-21,131.473177,135.281902,149.972384,4.114799,10.43223
2019-08-22,131.407949,135.283949,149.967328,4.116458,10.432596
2019-08-23,131.337895,135.288597,149.962208,4.11813,10.432961
2019-08-26,131.263247,135.295937,149.957026,4.119816,10.433326
2019-08-27,131.184243,135.306057,149.951781,4.121514,10.433691
2019-08-28,131.101133,135.319038,149.946476,4.123222,10.434056
2019-08-29,131.014172,135.334959,149.94111,4.124941,10.434421
2019-08-30,130.923625,135.353893,149.935685,4.126668,10.434787
2019-09-02,130.82976,135.375909,149.930202,4.128402,10.435152
2019-09-03,130.732855,135.401072,149.924661,4.130142,10.435517
2019-09-04,130.633189,135.429441,149.919064,4.131887,10.435882
2019-09-05,130.531046,135.46107,149.913412,4.133636,10.436248
2019-09-06,130.426715,135.496009,149.907704,4.135386,10.436613
2019-09-09,130.320484,135.534301,149.901943,4.137137,10.436978
2019-09-10,130.212644,135.575986,149.896129,4.138888,10.437343
2019-09-11,130.103488,135.621096,149.890262,4.140637,10.437709
2019-09-12,129.993307,135.669661,149.884345,4.142382,10.438074
2019-09-13,129.882391,135.721702,149.878378,4.144123,10.438439
2019-09-16,129.771028,135.777237,149.872361,4.145857,10.438805
2019-09-17,129.659504,135.836277,149.866296,4.147585,10.43917
2019-09-18,129.548103,135.898829,149.860184,4.149303,10.439536
2019-09-19,129.437101,135.964893,149.854025,4.151011,10.439901
2019-09-20,129.326773,136.034463,149.847821,4.152707,10.440266
2019-09-23,129.217386,136.107529,149.841572,4.15439,10.440632
2019-09-24,129.109201,136.184075,149.835279,4.156058,10.440997
2019-09-25,129.002472,136.264079,149.828944,4.157711,10.441363
2019-09-26,128.897447,136.347513,149.822567,4.159346,10.441728
2019-09-27,128.794364,136.434345,149.816149,4.160962,10.442094
2019-09-30,128.693452,136.524535,149.809692,4.162558,10.442459
2019-10-01,128.594932,136.61804,149.803195,4.164133,10.442825
2019-10-02,128.499013,136.714811,149.79666,4.165685,10.44319
2019-10-03,128.405895,136.814793,149.790089,4.167212,10.443556
2019-10-04,128.315768,136.917925,149.783481,4.168714,10.443921
2019-10-07,128.228808,137.024144,149.776838,4.170188,10.444287
2019-10-08,128.14518,137.133379,149.770161,4.171635,10.444652
2019-10-09,128.06504,137.245555,149.763451,4.173052,10.445018
2019-10-10,127.988526,137.360593,149.756708,4.174438,10.445383
2019-10-11,127.915768,137.478407,149.749934,4.175792,10.445749
2019-10-14,127.84688,137.598908,149.74313,4.177112,10.446115
2019-10-15,127.781965,137.722004,149.736296,4.178398,10.44648
2019-10-16,127.721109,137.847595,149.729434,4.179648,10.446846
2019-10-17,127.664389,137.97558,149.722545,4.180862,10.447211
2019-10-18,127.611863,138.105853,149.715629,4.182038,10.447577
2019-10-21,127.563579,138.238304,149.708687,4.183174,10.447943
2019-10-22,127.519569,138.37282,149.701721,4.18427,10.448308
2019-10-23,127.479852,138.509283,149.694732,4.185326,10.448674
2019-10-24,127.444431,138.647573,149.687719,4.186339,10.44904
2019-10-25,127.413298,138.787567,149.680685,4.187309,10.449406
2019-10-28,127.386427,138.929138,149.673631,4.188235,10.449771
2019-10-29,127.363782,139.072158,149.666557,4.189117,10.450137
2019-10-30,127.34531,139.216495,149.659464,4.189952,10.450503
2019-10-31,127.330946,139.362017,149.652353,4.190742,10.450869
2019-11-01,127.320612,139.508586,149.645226,4.191484,10.451234
2019-11-04,127.314216,139.656067,149.638082,4.192178,10.4516
2019-11-05,127.311651,139.80432,149.630924,4.192824,10.451966
2019-11-06,127.312802,139.953206,149.623752,4.193421,10.452332
2019-11-07,127.317537,140.102583,149.616568,4.193968,10.452698
2019-11-08,127.325715,140.25231,149.609371,4.194464,10.453063
2019-11-11,127.337182,140.402244,149.602164,4.19491,10.453429
2019-11-12,127.351772,140.552243,149.594946,4.195305,10.453795
2019-11-13,127.369309,140.702164,149.58772,4.195649,10.454161
2019-11-14,127.389608,140.851866,149.580485,4.19594,10.454527
2019-11-15,127.412472,141.001206,149.573244,4.19618,10.454893
2019-11-18,127.437695,141.150044,149.565997,4.196367,10.455259
2019-11-19,127.465064,141.298241,149.558745,4.196502,10.455625
2019-11-20,127.494357,141.445657,149.551488,4.196584,10.455991
2019-11-21,127.525342,141.592156,149.544229,4.196613,10.456357
2019-11-22,127.557783,141.737604,149.536967,4.19659,10.456723
2019-11-25,127.591437,141.881867,149.529705,4.196514,10.457089
2019-11-26,127.626054,142.024815,149.522442,4.196386,10.457455
2019-11-27,127.661382,142.166321,149.51518,4.196205,10.457821
2019-11-28,127.697161,142.30626,149.50792,4.195971,10.458187
2019-11-29,127.73313,142.44451,149.500663,4.195686,10.458553
2019-12-02,127.769025,142.580953,149.49341,4.195349,10.458919
2019-12-03,127.80458,142.715475,149.486162,4.19496,10.459285
2019-12-04,127.839526,142.847965,149.478919,4.19452,10.459651
2019-12-05,127.873595,142.978317,149.471683,4.19403,10.460017
2019-12-06,127.90652,143.106428,149.464455,4.193489,10.460383
2019-12-09,127.938035,143.2322,149.457235,4.192899,10.460749
2019-12-10,127.967874,143.355541,149.450025,4.19226,10.461115
2019-12-11,127.995775,143.476363,149.442826,4.191572,10.461482
2019-12-12,128.021481,143.594582,149.435639,4.190837,10.461848
2019-12-13,128.044737,143.710121,149.428464,4.190054,10.462214
2019-12-16,128.065294,143.822908,149.421302,4.189225,10.46258
2019-12-17,128.082908,143.932875,149.414156,4.188351,10.462946
2019-12-18,128.097344,144.039963,149.407024,4.187432,10.463313
2019-12-19,128.108371,144.144115,149.39991,4.186469,10.463679
2019-12-20,128.11577,144.245283,149.392812,4.185463,10.464045
2019-12-23,128.119328,144.343423,149.385734,4.184415,10.464411
2019-12-24,128.118841,144.438498,149.378674,4.183326,10.464777
2019-12-25,128.114118,144.530478,149.371635,4.182197,10.465144
2019-12-26,128.104977,144.619339,149.364617,4.18103,10.46551
2019-12-27,128.091246,144.705061,149.357622,4.179825,10.465876
2019-12-30,128.072769,144.787634,149.35065,4.178583,10.466243
2019-12-31,128.049398,144.867052,149.343702,4.177305,10.466609
2020-01-01,128.021,144.943315,149.336779,4.175994,10.466975
2020-01-02,127.987457,145.016432,149.329883,4.174649,10.467342
2020-01-03,127.948662,145.086416,149.323013,4.173273,10.467708
2020-01-06,127.904524,145.153288,149.316172,4.171866,10.468074
2020-01-07,127.854965,145.217073,149.30936,4.17043,10.468441
2020-01-08,127.799924,145.277805,149.302577,4.168966,10.468807
2020-01-09,127.739353,145.335522,149.295826,4.167475,10.469174
2020-01-10,127.67322,145.390269,149.289107,4.165959,10.46954
2020-01-13,127.601508,145.442097,149.28242,4.16442,10.469906
2020-01-14,127.524217,145.491064,149.275767,4.162858,10.470273
2020-01-15,127.44136,145.53723,149.269149,4.161275,10.470639
2020-01-16,127.352967,145.580665,149.262566,4.159672,10.471006
2020-01-17,127.259083,145.621442,149.25602,4.158051,10.471372
2020-01-20,127.159767,145.659641,149.249512,4.156414,10.471739
2020-01-21,127.055096,145.695344,149.243042,4.154761,10.472105
2020-01-22,126.945159,145.728641,149.236611,4.153094,10.472472
2020-01-23,126.83006,145.759625,149.230221,4.151415,10.472838
2020-01-24,126.709919,145.788395,149.223872,4.149725,10.473205
2020-01-27,126.584868,145.815054,149.217565,4.148026,10.473572
2020-01-28,126.455053,145.839708,149.211302,4.146318,10.473938
2020-01-29,126.320633,145.862467,149.205082,4.144604,10.474305
2020-01-30,126.181781,145.883447,149.198907,4.142885,10.474671
2020-01-31,126.038679,145.902764,149.192779,4.141162,10.475038
2020-02-03,125.891524,145.920539,149.186697,4.139437,10.475405
2020-02-04,125.74052,145.936897,149.180663,4.137711,10.475771
2020-02-05,125.585885,145.951965,149.174677,4.135986,10.476138
2020-02-06,125.427845,145.965869,149.168741,4.134263,10.476505
2020-02-07,125.266633,145.978743,149.162855,4.132543,10.476871
2020-02-10,125.102495,145.990719,149.157021,4.130828,10.477238
2020-02-11,124.935679,146.001931,149.151239,4.129119,10.477605
2020-02-12,124.766444,146.012516,149.14551,4.127418,10.477971
2020-02-13,124.595052,146.022609,149.139835,4.125725,10.478338
2020-02-14,124.421774,146.032351,149.134215,4.124043,10.478705
2020-02-17,124.246881,146.041877,149.128651,4.122372,10.479072
2020-02-18,124.070651,146.051328,149.123144,4.120713,10.479438
2020-02-19,123.893365,146.060841,149.117694,4.119068,10.479805
2020-02-20,123.715303,146.070555,149.112302,4.117438,10.480172
2020-02-21,123.53675,146.080608,149.10697,4.115825,10.480539
2020-02-24,123.35799,146.091136,149.101699,4.114229,10.480906
2020-02-25,123.179306,146.102275,149.096488,4.112651,10.481272
2020-02-26,123.000983,146.11416,149.091339,4.111093,10.481639
2020-02-27,122.823301,146.126923,149.086253,4.109555,10.482006
2020-02-28,122.64654,146.140695,149.081231,4.108039,10.482373
2020-03-02,122.470976,146.155606,149.076273,4.106546,10.48274
2020-03-03,122.296881,146.171781,149.071381,4.105076,10.483107
2020-03-04,122.124523,146.189344,149.066555,4.103631,10.483474
2020-03-05,121.954165,146.208416,149.061796,4.10221,10.483841
2020-03-06,121.786064,146.229116,149.057105,4.100816,10.484208
2020-03-09,121.62047,146.251558,149.052483,4.099449,10.484575
2020-03-10,121.457627,146.275852,149.04793,4.09811,10.484942
2020-03-11,121.29777,146.302107,149.043448,4.096799,10.485309
2020-03-12,121.141129,146.330426,149.039037,4.095517,10.485676
2020-03-13,120.987921,146.360909,149.034698,4.094264,10.486043
2020-03-16,120.838357,146.39365,149.030432,4.093042,10.48641
2020-03-17,120.692639,146.428741,149.02624,4.091851,10.486777
2020-03-18,120.550955,146.466267,149.022123,4.090691,10.487144
2020-03-19,120.413487,146.506309,149.01808,4.089563,10.487511
2020-03-20,120.280404,146.548945,149.014114,4.088467,10.487878
2020-03-23,120.151863,146.594245,149.010226,4.087404,10.488245
2020-03-24,120.028013,146.642276,149.006414,4.086373,10.488612
2020-03-25,119.908986,146.693097,149.002682,4.085376,10.488979
2020-03-26,119.794907,146.746765,148.999029,4.084412,10.489346
2020-03-27,119.685885,146.803329,148.995456,4.083482,10.489713
2020-03-30,119.58202,146.862833,148.991964,4.082586,10.49008
2020-03-31,119.483396,146.925316,148.988553,4.081723,10.490448
2020-04-01,119.390086,146.990809,148.985225,4.080894,10.490815
2020-04-02,119.30215,147.059339,148.981981,4.0801,10.491182
2020-04-03,119.219634,147.130927,148.978821,4.079339,10.491549
2020-04-06,119.142573,147.205587,148.975745,4.078612,10.491916
2020-04-07,119.070988,147.283328,148.972755,4.077919,10.492284
2020-04-08,119.004884,147.364152,148.969851,4.077259,10.492651
2020-04-09,118.944259,147.448056,148.967035,4.076633,10.493018
2020-04-10,118.889092,147.535029,148.964306,4.07604,10.493385
2020-04-13,118.839353,147.625056,148.961666,4.075479,10.493753
2020-04-14,118.794997,147.718114,148.959115,4.074951,10.49412
2020-04-15,118.755968,147.814176,148.956654,4.074455,10.494487
2020-04-16,118.722197,147.913207,148.954284,4.073991,10.494855
2020-04-17,118.693602,148.015166,148.952005,4.073558,10.495222
2020-04-20,118.670091,148.120009,148.949819,4.073156,10.495589
2020-04-21,118.651557,148.227682,148.947725,4.072784,10.495957
2020-04-22,118.637884,148.338128,148.945726,4.072442,10.496324
2020-04-23,118.628944,148.451283,148.94382,4.072128,10.496691
2020-04-24,118.624599,148.567077,148.94201,4.071843,10.497059
2020-04-27,118.624699,148.685436,148.940295,4.071586,10.497426
2020-04-28,118.629085,148.806279,148.938677,4.071355,10.497794
2020-04-29,118.637588,148.92952,148.937156,4.071151,10.498161
2020-04-30,118.65003,149.055069,148.935733,4.070972,10.498528
2020-05-01,118.666224,149.182829,148.934408,4.070817,10.498896
2020-05-04,118.685974,149.312699,148.933182,4.070687,10.499263
2020-05-05,118.709078,149.444574,148.932057,4.070579,10.499631
2020-05-06,118.735325,149.578344,148.931031,4.070493,10.499998
2020-05-07,118.764498,149.713893,148.930107,4.070428,10.500366
2020-05-08,118.796373,149.851102,148.929285,4.070383,10.500733
2020-05-11,118.830722,149.989849,148.928565,4.070357,10.501101
2020-05-12,118.867311,150.130007,148.927949,4.07035,10.501468
2020-05-13,118.905903,150.271445,148.927436,4.070359,10.501836
2020-05-14,118.946254,150.414029,148.927027,4.070384,10.502204
2020-05-15,118.988122,150.557622,148.926723,4.070424,10.502571
2020-05-18,119.031257,150.702085,148.926525,4.070477,10.502939
2020-05-19,119.075413,150.847274,148.926434,4.070544,10.503306
2020-05-20,119.120338,150.993045,148.926449,4.070621,10.503674
2020-05-21,119.165784,151.139249,148.926571,4.07071,10.504042
2020-05-22,119.211499,151.285739,148.926802,4.070807,10.504409
2020-05-25,119.257237,151.432362,148.927141,4.070913,10.504777
2020-05-26,119.30275,151.578966,148.927589,4.071025,10.505145
2020-05-27,119.347795,151.725399,148.928148,4.071143,10.505512
2020-05-28,119.39213,151.871505,148.928817,4.071265,10.50588
2020-05-29,119.435519,152.01713,148.929596,4.071391,10.506248
2020-06-01,119.477729,152.162118,148.930488,4.071519,10.506615
2020-06-02,119.518536,152.306316,148.931491,4.071648,10.506983
2020-06-03,119.557716,152.449567,148.932607,4.071776,10.507351
2020-06-04,119.595058,152.591717,148.933836,4.071903,10.507719
2020-06-05,119.630353,152.732614,148.935179,4.072028,10.508086
2020-06-08,119.663405,152.872106,148.936637,4.072148,10.508454
2020-06-09,119.694023,153.010041,148.938209,4.072263,10.508822
2020-06-10,119.722026,153.146271,148.939897,4.072372,10.50919
2020-06-11,119.747243,153.28065,148.9417,4.072474,10.509558
2020-06-12,119.769515,153.413033,148.943621,4.072567,10.509925
2020-06-15,119.788691,153.543278,148.945658,4.07265,10.510293
2020-06-16,119.804633,153.671247,148.947812,4.072722,10.510661
2020-06-17,119.817214,153.796805,148.950084,4.072782,10.511029
2020-06-18,119.826321,153.919819,148.952475,4.07283,10.511397
2020-06-19,119.83185,154.040161,148.954985,4.072863,10.511765
2020-06-22,119.833714,154.157707,148.957614,4.07288,10.512133
2020-06-23,119.831836,154.272338,148.960364,4.072882,10.512501
2020-06-24,119.826153,154.383938,148.963233,4.072866,10.512869
2020-06-25,119.816617,154.492396,148.966224,4.072832,10.513237
2020-06-26,119.803193,154.597607,148.969335,4.072778,10.513605
2020-06-29,119.78586,154.69947,148.972569,4.072704,10.513973
2020-06-30,119.764609,154.797891,148.975925,4.072609,10.514341
2020-07-01,119.739449,154.89278,148.979403,4.072492,10.514709
2020-07-02,119.7104,154.984055,148.983005,4.072352,10.515077
2020-07-03,119.677496,155.071637,148.98673,4.072188,10.515445
2020-07-06,119.640787,155.155455,148.990579,4.072,10.515813
2020-07-07,119.600335,155.235445,148.994553,4.071786,10.516181
2020-07-08,119.556214,155.311547,148.998651,4.071547,10.516549
2020-07-09,119.508516,155.383711,149.002875,4.07128,10.516917
2020-07-10,119.45734,155.45189,149.007224,4.070986,10.517285
2020-07-13,119.402803,155.516046,149.011699,4.070665,10.517653
2020-07-14,119.345032,155.576148,149.016301,4.070314,10.518021
2020-07-15,119.284165,155.632171,149.021029,4.069935,10.518389
2020-07-16,119.220353,155.684097,149.025885,4.069526,10.518758
2020-07-17,119.153758,155.731916,149.030868,4.069087,10.519126
2020-07-20,119.084552,155.775624,149.035979,4.068617,10.519494
2020-07-21,119.012917,155.815225,149.041219,4.068116,10.519862
2020-07-22,118.939045,155.850729,149.046587,4.067585,10.52023
2020-07-23,118.863136,155.882153,149.052084,4.067022,10.520598
2020-07-24,118.7854,155.909522,149.05771,4.066427,10.520967
2020-07-27,118.706053,155.932868,149.063466,4.0658,10.521335
2020-07-28,118.625319,155.952229,149.069352,4.065141,10.521703
2020-07-29,118.543429,155.967649,149.075368,4.064451,10.522071
2020-07-30,118.460617,155.97918,149.081515,4.063727,10.52244
2020-07-31,118.377125,155.986881,149.087793,4.062972,10.522808
2020-08-03,118.293199,155.990817,149.094202,4.062185,10.523176
2020-08-04,118.209087,155.991058,149.100743,4.061365,10.523545
2020-08-05,118.125041,155.987681,149.107415,4.060513,10.523913
2020-08-06,118.041315,155.98077,149.11422,4.05963,10.524281
2020-08-07,117.958165,155.970413,149.121157,4.058715,10.52465
2020-08-10,117.875847,155.956705,149.128227,4.057769,10.525018
2020-08-11,117.794619,155.939745,149.13543,4.056791,10.525386
2020-08-12,117.714736,155.919639,149.142766,4.055783,10.525755
2020-08-13,117.636454,155.896497,149.150235,4.054745,10.526123
2020-08-14,117.560024,155.870433,149.157838,4.053677,10.526492
2020-08-17,117.485699,155.841567,149.165575,4.052579,10.52686
2020-08-18,117.413724,155.810022,149.173446,4.051453,10.527229
2020-08-19,117.344343,155.775925,149.181452,4.050298,10.527597
2020-08-20,117.277796,155.739408,149.189592,4.049116,10.527965
2020-08-21,117.214315,155.700604,149.197867,4.047907,10.528334
2020-08-24,117.154128,155.659653,149.206277,4.046671,10.528702
2020-08-25,117.097459,155.616694,149.214823,4.04541,10.529071
2020-08-26,117.04452,155.57187,149.223503,4.044124,10.529439
2020-08-27,116.995521,155.525328,149.23232,4.042814,10.529808
2020-08-28,116.950661,155.477214,149.241272,4.041481,10.530177
2020-08-31,116.910131,155.427678,149.250361,4.040126,10.530545
2020-09-01,116.874114,155.376871,149.259585,4.03875,10.530914
2020-09-02,116.842784,155.324943,149.268946,4.037353,10.531282
2020-09-03,116.816305,155.272049,149.278443,4.035936,10.531651
2020-09-04,116.79483,155.21834,149.288077,4.034502,10.532019
2020-09-07,116.778502,155.163971,149.297848,4.03305,10.532388
2020-09-08,116.767455,155.109094,149.307756,4.031582,10.532757
2020-09-09,116.761811,155.053862,149.317801,4.030098,10.533125
2020-09-10,116.761679,154.998428,149.327983,4.028601,10.533494
2020-09-11,116.767159,154.942943,149.338302,4.027091,10.533863
2020-09-14,116.778338,154.887557,149.348759,4.025569,10.534231
2020-09-15,116.79529,154.832418,149.359353,4.024037,10.5346
2020-09-16,116.818079,154.777673,149.370085,4.022496,10.534969
2020-09-17,116.846755,154.723466,149.380954,4.020946,10.535338
2020-09-18,116.881356,154.669941,149.391962,4.01939,10.535706
2020-09-21,116.921908,154.617236,149.403107,4.017829,10.536075
2020-09-22,116.968423,154.565488,149.41439,4.016263,10.536444
2020-09-23,117.020902,154.514832,149.425811,4.014695,10.536813
2020-09-24,117.079331,154.465398,149.437371,4.013125,10.537181
2020-09-25,117.143687,154.417312,149.449068,4.011555,10.53755
2020-09-28,117.21393,154.370698,149.460904,4.009987,10.537919
2020-09-29,117.290011,154.325674,149.472877,4.008421,10.538288
2020-09-30,117.371866,154.282356,149.484989,4.006858,10.538657
2020-10-01,117.459419,154.240853,149.49724,4.005301,10.539026
2020-10-02,117.552584,154.201272,149.509628,4.003751,10.539394
2020-10-05,117.65126,154.163714,149.522155,4.002209,10.539763
2020-10-06,117.755336,154.128275,149.53482,4.000676,10.540132
2020-10-07,117.864688,154.095045,149.547624,3.999154,10.540501
2020-10-08,117.979181,154.06411,149.560566,3.997644,10.54087
2020-10-09,118.09867,154.03555,149.573646,3.996148,10.541239
2020-10-12,118.222999,154.00944,149.586864,3.994667,10.541608
2020-10-13,118.352,153.985849,149.60022,3.993201,10.541977
2020-10-14,118.485495,153.96484,149.613715,3.991754,10.542346
2020-10-15,118.623299,153.946469,149.627348,3.990325,10.542715
2020-10-16,118.765214,153.930789,149.641119,3.988916,10.543084
2020-10-19,118.911036,153.917844,149.655028,3.987529,10.543453
2020-10-20,119.060552,153.907674,149.669075,3.986165,10.543822
2020-10-21,119.21354,153.90031,149.68326,3.984825,10.544191
2020-10-22,119.369772,153.89578,149.697583,3.98351,10.54456
2020-10-23,119.529011,153.894102,149.712043,3.982222,10.544929
2020-10-26,119.691018,153.895292,149.726642,3.980962,10.545298
2020-10-27,119.855543,153.899357,149.741377,3.97973,10.545667
2020-10-28,120.022335,153.906297,149.756251,3.978529,10.546036
2020-10-29,120.191137,153.916107,149.771262,3.977359,10.546406
2020-10-30,120.361688,153.928775,149.78641,3.976222,10.546775
2020-11-02,120.533726,153.944283,149.801695,3.975118,10.547144
2020-11-03,120.706982,153.962607,149.817117,3.974048,10.547513
2020-11-04,120.881191,153.983716,149.832676,3.973015,10.547882
2020-11-05,121.056083,154.007572,149.848372,3.972018,10.548251
2020-11-06,121.231389,154.034134,149.864204,3.971059,10.54862
2020-11-09,121.406839,154.063351,149.880173,3.970138,10.54899
2020-11-10,121.582168,154.095169,149.896278,3.969257,10.549359
2020-11-11,121.757109,154.129526,149.91252,3.968416,10.549728
2020-11-12,121.931398,154.166356,149.928897,3.967617,10.550097
2020-11-13,122.104778,154.205586,149.94541,3.966859,10.550467
2020-11-16,122.276991,154.247137,149.962059,3.966145,10.550836
2020-11-17,122.447787,154.290927,149.978843,3.965474,10.551205
2020-11-18,122.616922,154.336866,149.995762,3.964848,10.551575
2020-11-19,122.784157,154.384861,150.012816,3.964266,10.551944
2020-11-20,122.949259,154.434813,150.030005,3.96373,10.552313
2020-11-23,123.112005,154.486617,150.047328,3.96324,10.552682
2020-11-24,123.272179,154.540166,150.064786,3.962797,10.553052
2020-11-25,123.429574,154.595348,150.082378,3.962401,10.553421
2020-11-26,123.583993,154.652044,150.100104,3.962053,10.553791
2020-11-27,123.73525,154.710135,150.117964,3.961753,10.55416
2020-11-30,123.883168,154.769496,150.135956,3.961501,10.554529
2020-12-01,124.027581,154.829998,150.154082,3.961298,10.554899
2020-12-02,124.168339,154.89151,150.172341,3.961145,10.555268
2020-12-03,124.305299,154.953897,150.190732,3.96104,10.555638
2020-12-04,124.438334,155.017023,150.209256,3.960986,10.556007
2020-12-07,124.567329,155.080746,150.227912,3.960981,10.556377
2020-12-08,124.692183,155.144926,150.246699,3.961025,10.556746
2020-12-09,124.812809,155.209417,150.265618,3.96112,10.557116
2020-12-10,124.929133,155.274073,150.284668,3.961265,10.557485
2020-12-11,125.041096,155.338746,150.303848,3.961459,10.557855
2020-12-14,125.148654,155.403289,150.32316,3.961704,10.558224
2020-12-15,125.251778,155.467551,150.342601,3.961998,10.558594
2020-12-16,125.350452,155.531381,150.362172,3.962342,10.558963
2020-12-17,125.444675,155.59463,150.381873,3.962735,10.559333
2020-12-18,125.534463,155.657145,150.401703,3.963177,10.559702
2020-12-21,125.619845,155.718777,150.421662,3.963668,10.560072
2020-12-22,125.700863,155.779376,150.441749,3.964208,10.560442
2020-12-23,125.777578,155.838793,150.461964,3.964796,10.560811
2020-12-24,125.850061,155.896878,150.482307,3.965432,10.561181
2020-12-25,125.918399,155.953487,150.502778,3.966115,10.56155
2020-12-28,125.982693,156.008473,150.523375,3.966845,10.56192
2020-12-29,126.043055,156.061694,150.544099,3.967622,10.56229
2020-12-30,126.099613,156.11301,150.564949,3.968444,10.562659
2020-12-31,126.152507,156.162282,150.585925,3.969311,10.563029
2021-01-01,126.201889,156.209376,150.607027,3.970222,10.563399
2021-01-04,126.24792,156.25416,150.628253,3.971178,10.563769
2021-01-05,126.290777,156.296505,150.649604,3.972176,10.564138
2021-01-06,126.330644,156.336286,150.67108,3.973217,10.564508
2021-01-07,126.367717,156.373384,150.692679,3.9743,10.564878
2021-01-08,126.4022,156.407681,150.714401,3.975422,10.565248
2021-01-11,126.434307,156.439065,150.736246,3.976585,10.565617
2021-01-12,126.464259,156.46743,150.758213,3.977787,10.565987
2021-01-13,126.492285,156.492672,150.780303,3.979026,10.566357
2021-01-14,126.518622,156.514696,150.802514,3.980303,10.566727
2021-01-15,126.54351,156.533408,150.824846,3.981615,10.567097
2021-01-18,126.567198,156.548724,150.847299,3.982963,10.567467
2021-01-19,126.589936,156.560562,150.869871,3.984344,10.567836
2021-01-20,126.61198,156.568849,150.892563,3.985758,10.568206
2021-01-21,126.633589,156.573517,150.915375,3.987204,10.568576
2021-01-22,126.655023,156.574502,150.938305,3.98868,10.568946
2021-01-25,126.676544,156.571751,150.961353,3.990185,10.569316
2021-01-26,126.698416,156.565213,150.984519,3.991719,10.569686
2021-01-27,126.720901,156.554846,151.007802,3.99328,10.570056
2021-01-28,126.744262,156.540616,151.031201,3.994866,10.570426
2021-01-29,126.768759,156.522493,151.054716,3.996477,10.570796
2021-02-01,126.794651,156.500455,151.078347,3.998112,10.571166
2021-02-02,126.822193,156.474488,151.102093,3.999768,10.571536
2021-02-03,126.851637,156.444584,151.125954,4.001445,10.571906
2021-02-04,126.88323,156.410742,151.149928,4.003141,10.572276
2021-02-05,126.917214,156.372968,151.174016,4.004855,10.572646
2021-02-08,126.953826,156.331275,151.198216,4.006587,10.573016
2021-02-09,126.993296,156.285685,151.222529,4.008333,10.573386
2021-02-10,127.035847,156.236223,151.246953,4.010094,10.573756
2021-02-11,127.081695,156.182924,151.271489,4.011867,10.574126
2021-02-12,127.131046,156.12583,151.296135,4.013651,10.574496
2021-02-15,127.184099,156.064987,151.320891,4.015446,10.574866
2021-02-16,127.241043,156.00045,151.345756,4.017249,10.575237
2021-02-17,127.302058,155.932281,151.37073,4.01906,10.575607
2021-02-18,127.367311,155.860547,151.395812,4.020876,10.575977
2021-02-19,127.436961,155.78532,151.421001,4.022697,10.576347
2021-02-22,127.511156,155.706682,151.446297,4.024522,10.576717
2021-02-23,127.59003,155.624719,151.4717,4.026348,10.577087
2021-02-24,127.673706,155.53952,151.497208,4.028175,10.577458
2021-02-25,127.762295,155.451185,151.522822,4.030001,10.577828
2021-02-26,127.855896,155.359815,151.548539,4.031825,10.578198
2021-03-01,127.954593,155.265518,151.574361,4.033645,10.578568
2021-03-02,128.058458,155.168408,151.600285,4.035461,10.578939
2021-03-03,128.167551,155.068602,151.626312,4.037272,10.579309
2021-03-04,128.281914,154.966222,151.65244,4.039075,10.579679
2021-03-05,128.40158,154.861394,151.67867,4.040869,10.580049
2021-03-08,128.526566,154.754248,151.705,4.042654,10.58042
2021-03-09,128.656873,154.64492,151.73143,4.044429,10.58079
2021-03-10,128.792491,154.533547,151.757959,4.046191,10.58116
2021-03-11,128.933393,154.420269,151.784587,4.04794,10.581531
2021-03-12,129.079541,154.30523,151.811312,4.049675,10.581901
2021-03-15,129.23088,154.188577,151.838134,4.051395,10.582271
2021-03-16,129.387341,154.070459,151.865053,4.053099,10.582642
2021-03-17,129.548843,153.951026,151.892067,4.054785,10.583012
2021-03-18,129.715288,153.830432,151.919176,4.056452,10.583383
2021-03-19,129.886567,153.70883,151.946379,4.058101,10.583753
2021-03-22,130.062557,153.586376,151.973676,4.059729,10.584123
2021-03-23,130.243118,153.463225,152.001065,4.061336,10.584494
2021-03-24,130.428103,153.339536,152.028547,4.062921,10.584864
2021-03-25,130.617346,153.215465,152.056119,4.064483,10.585235
2021-03-26,130.810673,153.091169,152.083783,4.066022,10.585605
2021-03-29,131.007896,152.966806,152.111536,4.067536,10.585976
2021-03-30,131.208814,152.842531,152.139378,4.069025,10.586346
2021-03-31,131.413216,152.718501,152.167308,4.070488,10.586717
2021-04-01,131.620881,152.59487,152.195326,4.071925,10.587087
2021-04-02,131.831576,152.47179,152.223431,4.073334,10.587458
2021-04-05,132.045058,152.349414,152.251622,4.074717,10.587829
2021-04-06,132.261075,152.22789,152.279898,4.076071,10.588199
2021-04-07,132.479367,152.107367,152.308259,4.077396,10.58857
2021-04-08,132.699664,151.987988,152.336703,4.078693,10.58894
2021-04-09,132.921691,151.869896,152.36523,4.079961,10.589311
2021-04-12,133.145164,151.753229,152.393839,4.081198,10.589682
2021-04-13,133.369794,151.638125,152.42253,4.082406,10.590052
2021-04-14,133.595284,151.524715,152.451301,4.083584,10.590423
2021-04-15,133.821337,151.413129,152.480152,4.084731,10.590794
2021-04-16,134.047647,151.303491,152.509081,4.085848,10.591164
2021-04-19,134.273908,151.195922,152.538089,4.086934,10.591535
2021-04-20,134.499811,151.090539,152.567174,4.08799,10.591906
2021-04-21,134.725045,150.987455,152.596336,4.089014,10.592276
2021-04-22,134.949298,150.886778,152.625573,4.090009,10.592647
2021-04-23,135.172259,150.788609,152.654885,4.090972,10.593018
2021-04-26,135.393618,150.693048,152.684271,4.091905,10.593389
2021-04-27,135.613064,150.600187,152.713731,4.092808,10.593759
2021-04-28,135.830294,150.510113,152.743262,4.093681,10.59413
2021-04-29,136.045003,150.42291,152.772865,4.094525,10.594501
2021-04-30,136.256895,150.338653,152.802539,4.095338,10.594872
2021-05-03,136.465677,150.257415,152.832282,4.096123,10.595243
2021-05-04,136.671061,150.17926,152.862094,4.096879,10.595613
2021-05-05,136.872769,150.104248,152.891975,4.097606,10.595984
2021-05-06,137.070529,150.032433,152.921922,4.098306,10.596355
2021-05-07,137.264077,149.963864,152.951936,4.098978,10.596726
2021-05-10,137.45316,149.898581,152.982015,4.099624,10.597097
2021-05-11,137.637535,149.83662,153.012159,4.100243,10.597468
2021-05-12,137.816968,149.778011,153.042367,4.100838,10.597839
2021-05-13,137.99124,149.722778,153.072637,4.101407,10.59821
2021-05-14,138.160141,149.670938,153.102969,4.101952,10.598581
2021-05-17,138.323476,149.622502,153.133363,4.102474,10.598952
2021-05-18,138.481063,149.577475,153.163816,4.102973,10.599323
2021-05-19,138.632733,149.535855,153.194329,4.10345,10.599694
2021-05-20,138.778335,149.497635,153.2249,4.103907,10.600065
2021-05-21,138.917729,149.462802,153.255529,4.104343,10.600436
2021-05-24,139.050793,149.431335,153.286214,4.10476,10.600807
2021-05-25,139.177422,149.40321,153.316955,4.105159,10.601178
2021-05-26,139.297524,149.378393,153.34775,4.105541,10.601549
2021-05-27,139.411026,149.356849,153.3786,4.105907,10.60192
2021-05-28,139.517871,149.338532,153.409502,4.106258,10.602291
2021-05-31,139.61802,149.323394,153.440456,4.106594,10.602662
2021-06-01,139.71145,149.311379,153.471461,4.106917,10.603033
2021-06-02,139.798155,149.302428,153.502517,4.107228,10.603404
2021-06-03,139.878147,149.296473,153.533621,4.107528,10.603775
2021-06-04,139.951455,149.293443,153.564774,4.107819,10.604146
2021-06-07,140.018125,149.293263,153.595974,4.108101,10.604518
2021-06-08,140.078218,149.295849,153.627221,4.108375,10.604889
2021-06-09,140.131815,149.301115,153.658513,4.108643,10.60526
2021-06-10,140.179011,149.308971,153.689849,4.108906,10.605631
2021-06-11,140.219917,149.319319,153.721229,4.109165,10.606002
2021-06-14,140.25466,149.33206,153.752652,4.109421,10.606373
2021-06-15,140.283384,149.347088,153.784116,4.109676,10.606745
2021-06-16,140.306244,149.364296,153.815621,4.10993,10.607116
2021-06-17,140.323412,149.38357,153.847166,4.110185,10.607487
2021-06-18,140.335074,149.404793,153.87875,4.110442,10.607858
2021-06-21,140.341426,149.427847,153.910371,4.110703,10.60823
2021-06-22,140.34268,149.452609,153.942029,4.110968,10.608601
2021-06-23,140.339057,149.478952,153.973723,4.111238,10.608972
2021-06-24,140.330791,149.506748,154.005452,4.111516,10.609344
2021-06-25,140.318124,149.535866,154.037215,4.111802,10.609715
2021-06-28,140.301309,149.566173,154.069011,4.112097,10.610086
2021-06-29,140.280607,149.597532,154.100839,4.112403,10.610458
2021-06-30,140.256289,149.629806,154.132697,4.11272,10.610829
2021-07-01,140.228629,149.662858,154.164586,4.11305,10.6112
2021-07-02,140.19791,149.696546,154.196504,4.113394,10.611572
2021-07-05,140.164421,149.73073,154.22845,4.113754,10.611943
2021-07-06,140.128452,149.765269,154.260423,4.11413,10.612315
2021-07-07,140.090299,149.800019,154.292423,4.114523,10.612686
2021-07-08,140.050261,149.83484,154.324447,4.114934,10.613058
2021-07-09,140.008637,149.869588,154.356495,4.115366,10.613429
2021-07-12,139.965728,149.904123,154.388567,4.115817,10.613801
2021-07-13,139.921835,149.938302,154.42066,4.116291,10.614172
2021-07-14,139.877258,149.971987,154.452775,4.116787,10.614544
2021-07-15,139.832295,150.005037,154.48491,4.117306,10.614915
2021-07-16,139.787242,150.037317,154.517064,4.11785,10.615287
2021-07-19,139.742391,150.068689,154.549236,4.11842,10.615658
2021-07-20,139.698029,150.099021,154.581426,4.119016,10.61603
2021-07-21,139.65444,150.128182,154.613631,4.119639,10.616401
2021-07-22,139.6119,150.156043,154.645852,4.12029,10.616773
2021-07-23,139.570681,150.182478,154.678086,4.12097,10.617144
2021-07-26,139.531044,150.207365,154.710334,4.121679,10.617516
2021-07-27,139.493247,150.230585,154.742594,4.122419,10.617888
2021-07-28,139.457534,150.252022,154.774865,4.12319,10.618259
2021-07-29,139.424144,150.271565,154.807146,4.123992,10.618631
2021-07-30,139.393303,150.289106,154.839436,4.124827,10.619003
2021-08-02,139.365228,150.304541,154.871734,4.125694,10.619374
2021-08-03,139.340124,150.317773,154.904039,4.126595,10.619746
2021-08-04,139.318186,150.328707,154.93635,4.127529,10.620118
2021-08-05,139.299595,150.337255,154.968666,4.128498,10.620489
2021-08-06,139.284521,150.343333,155.000986,4.129502,10.620861
2021-08-09,139.273119,150.346862,155.033309,4.13054,10.621233
2021-08-10,139.265531,150.347769,155.065634,4.131615,10.621605
2021-08-11,139.261888,150.345988,155.09796,4.132724,10.621976
2021-08-12,139.262304,150.341456,155.130286,4.13387,10.622348
2021-08-13,139.266878,150.33412,155.162611,4.135052,10.62272
2021-08-16,139.275698,150.323928,155.194934,4.13627,10.623092
2021-08-17,139.288832,150.310838,155.227253,4.137525,10.623464
2021-08-18,139.306338,150.294813,155.259569,4.138816,10.623835
2021-08-19,139.328256,150.275823,155.291879,4.140144,10.624207
2021-08-20,139.354611,150.253843,155.324183,4.141508,10.624579
2021-08-23,139.385413,150.228856,155.35648,4.142908,10.624951
2021-08-24,139.420656,150.200851,155.388768,4.144345,10.625323
2021-08-25,139.460319,150.169824,155.421047,4.145818,10.625695
2021-08-26,139.504366,150.135775,155.453316,4.147327,10.626067
2021-08-27,139.552746,150.098716,155.485574,4.148871,10.626438
2021-08-30,139.60539,150.058659,155.517819,4.150451,10.62681
2021-08-31,139.662218,150.015628,155.550051,4.152066,10.627182
2021-09-01,139.723133,149.969651,155.582269,4.153716,10.627554
2021-09-02,139.788023,149.920762,155.614471,4.1554,10.627926
2021-09-03,139.856763,149.869002,155.646657,4.157117,10.628298
2021-09-06,139.929212,149.81442,155.678825,4.158868,10.62867
2021-09-07,140.005217,149.757068,155.710975,4.160651,10.629042
2021-09-08,140.08461,149.697007,155.743105,4.162466,10.629414
2021-09-09,140.167213,149.634301,155.775215,4.164313,10.629786
2021-09-10,140.252832,149.569024,155.807303,4.166191,10.630158
2021-09-13,140.341264,149.501251,155.839369,4.168098,10.63053
2021-09-14,140.432291,149.431066,155.871411,4.170034,10.630903
2021-09-15,140.525686,149.358557,155.903429,4.171999,10.631275
2021-09-16,140.621213,149.283817,155.935421,4.173991,10.631647
2021-09-17,140.718624,149.206944,155.967387,4.17601,10.632019
2021-09-20,140.817661,149.128042,155.999325,4.178055,10.632391
2021-09-21,140.918061,149.047218,156.031234,4.180124,10.632763
2021-09-22,141.01955,148.964584,156.063114,4.182217,10.633135
2021-09-23,141.121848,148.880257,156.094963,4.184332,10.633507
2021-09-24,141.224668,148.794357,156.12678,4.186469,10.63388
2021-09-27,141.327719,148.707007,156.158565,4.188626,10.634252
2021-09-28,141.430704,148.618335,156.190316,4.190803,10.634624
2021-09-29,141.533322,148.528471,156.222032,4.192998,10.634996
2021-09-30,141.635269,148.437549,156.253713,4.195209,10.635368
2021-10-01,141.73624,148.345704,156.285357,4.197437,10.635741
2021-10-04,141.835926,148.253076,156.316963,4.199678,10.636113
2021-10-05,141.934019,148.159803,156.348531,4.201933,10.636485
2021-10-06,142.030212,148.06603,156.380059,4.2042,10.636858
2021-10-07,142.124198,147.971899,156.411546,4.206477,10.63723
2021-10-08,142.215673,147.877557,156.442992,4.208763,10.637602
2021-10-11,142.304335,147.783149,156.474395,4.211057,10.637974
2021-10-12,142.389888,147.688822,156.505754,4.213357,10.638347
2021-10-13,142.472039,147.594725,156.537068,4.215662,10.638719
2021-10-14,142.550502,147.501004,156.568337,4.217971,10.639091
2021-10-15,142.624995,147.407809,156.59956,4.220281,10.639464
2021-10-18,142.695248,147.315285,156.630734,4.222593,10.639836
2021-10-19,142.760995,147.223579,156.66186,4.224903,10.640209
2021-10-20,142.821983,147.132839,156.692937,4.227211,10.640581
2021-10-21,142.877965,147.043208,156.723963,4.229515,10.640953
2021-10-22,142.928708,146.95483,156.754937,4.231813,10.641326
2021-10-25,142.973989,146.867846,156.785859,4.234105,10.641698
2021-10-26,143.013599,146.782397,156.816728,4.236389,10.642071
2021-10-27,143.047339,146.69862,156.847542,4.238662,10.642443
2021-10-28,143.075026,146.61665,156.878301,4.240924,10.642816
2021-10-29,143.09649,146.536621,156.909003,4.243174,10.643188
2021-11-01,143.111578,146.458662,156.939648,4.245408,10.643561
2021-11-02,143.120148,146.382899,156.970234,4.247627,10.643933
2021-11-03,143.122079,146.309458,157.000762,4.249829,10.644306
2021-11-04,143.117261,146.238456,157.031229,4.252012,10.644678
2021-11-05,143.105605,146.170012,157.061635,4.254174,10.645051
2021-11-08,143.087037,146.104237,157.091979,4.256315,10.645424
2021-11-09,143.061499,146.04124,157.12226,4.258433,10.645796
2021-11-10,143.028952,145.981124,157.152476,4.260526,10.646169
2021-11-11,142.989374,145.923991,157.182628,4.262593,10.646541
2021-11-12,142.942761,145.869935,157.212714,4.264632,10.646914
2021-11-15,142.889126,145.819046,157.242734,4.266643,10.647287
2021-11-16,142.8285,145.77141,157.272685,4.268623,10.647659
2021-11-17,142.760931,145.727108,157.302568,4.270573,10.648032
2021-11-18,142.686485,145.686215,157.332381,4.272489,10.648405
2021-11-19,142.605245,145.648802,157.362124,4.274371,10.648777
2021-11-22,142.517311,145.614933,157.391795,4.276218,10.64915
2021-11-23,142.4228,145.584667,157.421394,4.278029,10.649523
2021-11-24,142.321843,145.558059,157.45092,4.279802,10.649896
2021-11-25,142.214591,145.535156,157.480371,4.281536,10.650268
2021-11-26,142.101206,145.516002,157.509748,4.28323,10.650641
2021-11-29,141.981869,145.500632,157.539048,4.284884,10.651014
2021-11-30,141.856772,145.489078,157.568272,4.286495,10.651387
2021-12-01,141.726122,145.481365,157.597418,4.288063,10.65176
2021-12-02,141.590139,145.477511,157.626485,4.289587,10.652132
2021-12-03,141.449056,145.47753,157.655473,4.291067,10.652505
2021-12-06,141.303117,145.481428,157.68438,4.2925,10.652878
2021-12-07,141.152578,145.489208,157.713206,4.293887,10.653251
2021-12-08,140.997703,145.500865,157.74195,4.295226,10.653624
2021-12-09,140.838767,145.516386,157.770611,4.296518,10.653997
2021-12-10,140.676055,145.535757,157.799188,4.29776,10.65437
2021-12-13,140.509856,145.558953,157.82768,4.298953,10.654742
2021-12-14,140.340468,145.585948,157.856087,4.300096,10.655115
2021-12-15,140.168196,145.616705,157.884407,4.301188,10.655488
2021-12-16,139.993348,145.651186,157.91264,4.302229,10.655861
2021-12-17,139.816238,145.689344,157.940785,4.303218,10.656234
2021-12-20,139.637183,145.731128,157.96884,4.304155,10.656607
2021-12-21,139.4565,145.776482,157.996806,4.30504,10.65698
2021-12-22,139.274511,145.825341,158.024681,4.305871,10.657353
2021-12-23,139.091536,145.877639,158.052465,4.30665,10.657726
2021-12-24,138.907897,145.933303,158.080156,4.307376,10.658099
2021-12-27,138.723914,145.992254,158.107754,4.308048,10.658472
2021-12-28,138.539904,146.05441,158.135259,4.308667,10.658845
2021-12-29,138.356182,146.119681,158.162668,4.309233,10.659218
2021-12-30,138.173061,146.187976,158.189982,4.309744,10.659591
2021-12-31,137.990846,146.259196,158.2172,4.310203,10.659965
2022-01-03,137.80984,146.333241,158.24432,4.310608,10.660338
2022-01-04,137.630338,146.410004,158.271342,4.310959,10.660711
2022-01-05,137.452631,146.489376,158.298266,4.311258,10.661084
2022-01-06,137.276998,146.571241,158.32509,4.311504,10.661457
2022-01-07,137.103716,146.655484,158.351814,4.311698,10.66183
2022-01-10,136.933047,146.741982,158.378437,4.311839,10.662203
2022-01-11,136.765248,146.830611,158.404958,4.311929,10.662577
2022-01-12,136.600565,146.921244,158.431377,4.311968,10.66295
2022-01-13,136.439232,147.013751,158.457692,4.311956,10.663323
2022-01-14,136.281473,147.107999,158.483903,4.311894,10.663696
2022-01-17,136.127502,147.203853,158.510009,4.311782,10.664069
2022-01-18,135.977518,147.301176,158.53601,4.311621,10.664443
2022-01-19,135.83171,147.399827,158.561904,4.311412,10.664816
2022-01-20,135.690253,147.499668,158.587691,4.311156,10.665189
2022-01-21,135.553308,147.600554,158.613371,4.310853,10.665562
2022-01-24,135.421025,147.702344,158.638942,4.310505,10.665936
2022-01-25,135.293538,147.804893,158.664404,4.310111,10.666309
2022-01-26,135.170968,147.908055,158.689756,4.309673,10.666682
2022-01-27,135.053421,148.011687,158.714997,4.309192,10.667056
2022-01-28,134.94099,148.115643,158.740128,4.308669,10.667429
2022-01-31,134.833751,148.219778,158.765146,4.308105,10.667803
2022-02-01,134.731767,148.323947,158.790051,4.307501,10.668176
2022-02-02,134.635085,148.428007,158.814844,4.306858,10.668549
2022-02-03,134.54374,148.531816,158.839522,4.306177,10.668923
2022-02-04,134.457748,148.635232,158.864085,4.30546,10.669296
2022-02-07,134.377113,148.738115,158.888534,4.304706,10.66967
2022-02-08,134.301824,148.840327,158.912866,4.303919,10.670043
2022-02-09,134.231854,148.941734,158.937082,4.303099,10.670416
2022-02-10,134.167161,149.042201,158.96118,4.302246,10.67079
2022-02-11,134.107692,149.141597,158.985161,4.301364,10.671163
2022-02-14,134.053375,149.239796,159.009023,4.300452,10.671537
2022-02-15,134.004128,149.336673,159.032765,4.299512,10.67191
2022-02-16,133.959854,149.432106,159.056389,4.298546,10.672284
2022-02-17,133.92044,149.525978,159.079891,4.297554,10.672657
2022-02-18,133.885764,149.618176,159.103273,4.296539,10.673031
2022-02-21,133.855689,149.70859,159.126533,4.295502,10.673405
2022-02-22,133.830064,149.797116,159.149671,4.294443,10.673778
2022-02-23,133.808729,149.883652,159.172686,4.293365,10.674152
2022-02-24,133.791511,149.968104,159.195578,4.292269,10.674525
2022-02-25,133.778226,150.05038,159.218346,4.291156,10.674899
2022-02-28,133.768679,150.130396,159.240989,4.290028,10.675273
2022-03-01,133.762665,150.208071,159.263508,4.288885,10.675646
2022-03-02,133.759971,150.283331,159.285901,4.287731,10.67602
2022-03-03,133.760372,150.356107,159.308168,4.286565,10.676394
2022-03-04,133.763638,150.426336,159.330308,4.28539,10.676767
2022-03-07,133.769528,150.49396,159.35232,4.284207,10.677141
2022-03-08,133.777796,150.558929,159.374206,4.283018,10.677515
2022-03-09,133.78819,150.621199,159.395962,4.281822,10.677888
2022-03-10,133.800451,150.68073,159.41759,4.280624,10.678262
2022-03-11,133.814316,150.737491,159.439089,4.279422,10.678636
2022-03-14,133.829516,150.791456,159.460458,4.27822,10.67901
2022-03-15,133.84578,150.842606,159.481697,4.277018,10.679383
2022-03-16,133.862835,150.890928,159.502805,4.275817,10.679757
2022-03-17,133.880404,150.936416,159.523782,4.27462,10.680131
2022-03-18,133.89821,150.979071,159.544627,4.273426,10.680505
2022-03-21,133.915976,151.0189,159.56534,4.272239,10.680879
2022-03-22,133.933424,151.055916,159.58592,4.271058,10.681252
2022-03-23,133.950279,151.09014,159.606368,4.269885,10.681626
2022-03-24,133.966267,151.121598,159.626681,4.268722,10.682
2022-03-25,133.981118,151.150324,159.646861,4.26757,10.682374
2022-03-28,133.994563,151.176357,159.666906,4.266429,10.682748
2022-03-29,134.00634,151.199743,159.686817,4.265301,10.683122
2022-03-30,134.016193,151.220533,159.706592,4.264187,10.683496
2022-03-31,134.023869,151.238787,159.726232,4.263088,10.68387
2022-04-01,134.029125,151.254567,159.745736,4.262006,10.684244
2022-04-04,134.031722,151.267945,159.765103,4.26094,10.684618
2022-04-05,134.031434,151.278994,159.784334,4.259893,10.684991
2022-04-06,134.02804,151.287797,159.803427,4.258865,10.685365
2022-04-07,134.021331,151.294439,159.822383,4.257857,10.685739
2022-04-08,134.011107,151.299013,159.8412,4.256871,10.686113
2022-04-11,133.997181,151.301614,159.85988,4.255905,10.686488
2022-04-12,133.979376,151.302344,159.878421,4.254963,10.686862
2022-04-13,133.957529,151.301309,159.896823,4.254044,10.687236
2022-04-14,133.931486,151.298619,159.915085,4.253149,10.68761
2022-04-15,133.901112,151.294388,159.933208,4.252279,10.687984
2022-04-18,133.86628,151.288734,159.951191,4.251434,10.688358
2022-04-19,133.826882,151.28178,159.969034,4.250615,10.688732
2022-04-20,133.782821,151.27365,159.986736,4.249823,10.689106
2022-04-21,133.734017,151.264473,160.004298,4.249058,10.68948
2022-04-22,133.680404,151.25438,160.021718,4.248321,10.689854
2022-04-25,133.621933,151.243505,160.038996,4.247611,10.690228
2022-04-26,133.558567,151.231985,160.056133,4.24693,10.690603
2022-04-27,133.490289,151.219957,160.073128,4.246278,10.690977
2022-04-28,133.417096,151.207561,160.089981,4.245654,10.691351
2022-04-29,133.338999,151.19494,160.106691,4.24506,10.691725
2022-05-02,133.256027,151.182236,160.123259,4.244495,10.692099
2022-05-03,133.168225,151.169593,160.139684,4.24396,10.692474
2022-05-04,133.075652,151.157156,160.155965,4.243455,10.692848
2022-05-05,132.978383,151.14507,160.172103,4.242979,10.693222
2022-05-06,132.876509,151.133479,160.188097,4.242533,10.693596
2022-05-09,132.770134,151.12253,160.203948,4.242117,10.693971
2022-05-10,132.659379,151.112366,160.219654,4.24173,10.694345
2022-05-11,132.544377,151.103131,160.235216,4.241373,10.694719
2022-05-12,132.425277,151.094969,160.250634,4.241046,10.695094
2022-05-13,132.302239,151.088021,160.265907,4.240747,10.695468
2022-05-16,132.175438,151.082428,160.281035,4.240477,10.695842
2022-05-17,132.04506,151.078327,160.296019,4.240236,10.696217
2022-05-18,131.911304,151.075856,160.310857,4.240023,10.696591
2022-05-19,131.774379,151.075149,160.325551,4.239838,10.696965
2022-05-20,131.634505,151.076337,160.340098,4.23968,10.69734
2022-05-23,131.491911,151.07955,160.354501,4.239549,10.697714
2022-05-24,131.346838,151.084913,160.368758,4.239445,10.698089
2022-05-25,131.199533,151.09255,160.382869,4.239366,10.698463
2022-05-26,131.050251,151.102579,160.396834,4.239312,10.698838
2022-05-27,130.899254,151.115117,160.410653,4.239283,10.699212
2022-05-30,130.746813,151.130276,160.424327,4.239278,10.699586
2022-05-31,130.5932,151.148162,160.437854,4.239296,10.699961
2022-06-01,130.438696,151.168881,160.451235,4.239337,10.700335
2022-06-02,130.283583,151.192531,160.46447,4.239399,10.70071
2022-06-03,130.128147,151.219206,160.477559,4.239482,10.701085
2022-06-06,129.972677,151.248997,160.490501,4.239584,10.701459
2022-06-07,129.817464,151.281989,160.503297,4.239706,10.701834
2022-06-08,129.662797,151.31826,160.515947,4.239846,10.702208
2022-06-09,129.508969,151.357886,160.52845,4.240003,10.702583
2022-06-10,129.356268,151.400936,160.540807,4.240176,10.702957
2022-06-13,129.204984,151.447474,160.553017,4.240365,10.703332
2022-06-14,129.055404,151.497556,160.565081,4.240567,10.703707
2022-06-15,128.90781,151.551237,160.576999,4.240783,10.704081
2022-06-16,128.762481,151.608563,160.58877,4.24101,10.704456
2022-06-17,128.619694,151.669573,160.600395,4.241249,10.704831
2022-06-20,128.479718,151.734302,160.611873,4.241497,10.705205
2022-06-21,128.342817,151.80278,160.623205,4.241754,10.70558
2022-06-22,128.209249,151.875029,160.63439,4.242018,10.705955
2022-06-23,128.079264,151.951064,160.64543,4.242288,10.706329
2022-06-24,127.953106,152.030895,160.656323,4.242563,10.706704
2022-06-27,127.831009,152.114528,160.66707,4.242842,10.707079
2022-06-28,127.713198,152.201958,160.677672,4.243124,10.707454
2022-06-29,127.599892,152.293178,160.688127,4.243407,10.707828
2022-06-30,127.491295,152.388172,160.698436,4.24369,10.708203
2022-07-01,127.387606,152.486919,160.7086,4.243972,10.708578
2022-07-04,127.289009,152.589391,160.718618,4.244251,10.708953
2022-07-05,127.19568,152.695555,160.72849,4.244527,10.709328
2022-07-06,127.107781,152.80537,160.738218,4.244798,10.709702
2022-07-07,127.025465,152.91879,160.747799,4.245062,10.710077
2022-07-08,126.94887,153.035764,160.757236,4.245319,10.710452
2022-07-11,126.878122,153.156232,160.766528,4.245567,10.710827
2022-07-12,126.813337,153.280131,160.775675,4.245805,10.711202
2022-07-13,126.754614,153.40739,160.784677,4.246032,10.711577
2022-07-14,126.702043,153.537934,160.793535,4.246246,10.711952
2022-07-15,126.655697,153.671682,160.802249,4.246447,10.712327
2022-07-18,126.615638,153.808545,160.810819,4.246632,10.712701
2022-07-19,126.581913,153.948433,160.819244,4.246801,10.713076
2022-07-20,126.554557,154.091247,160.827526,4.246953,10.713451
2022-07-21,126.533588,154.236885,160.835665,4.247086,10.713826
2022-07-22,126.519014,154.385239,160.84366,4.247199,10.714201
2022-07-25,126.510827,154.536196,160.851512,4.247292,10.714576
2022-07-26,126.509007,154.689639,160.859221,4.247362,10.714951
2022-07-27,126.513517,154.845447,160.866788,4.247409,10.715326
2022-07-28,126.524311,155.003495,160.874212,4.247432,10.715701
2022-07-29,126.541327,155.163651,160.881495,4.247429,10.716077
2022-08-01,126.564489,155.325783,160.888635,4.2474,10.716452
2022-08-02,126.593709,155.489754,160.895635,4.247344,10.716827
2022-08-03,126.628886,155.655422,160.902492,4.247259,10.717202
2022-08-04,126.669907,155.822645,160.909209,4.247145,10.717577
2022-08-05,126.716646,155.991275,160.915786,4.247001,10.717952
2022-08-08,126.768964,156.161164,160.922222,4.246825,10.718327
2022-08-09,126.826711,156.332158,160.928517,4.246618,10.718702
2022-08-10,126.889727,156.504106,160.934674,4.246378,10.719077
2022-08-11,126.957838,156.676851,160.94069,4.246104,10.719453
2022-08-12,127.030862,156.850235,160.946568,4.245796,10.719828
2022-08-15,127.108606,157.024101,160.952307,4.245453,10.720203
2022-08-16,127.190866,157.198288,160.957908,4.245075,10.720578
2022-08-17,127.27743,157.372637,160.963371,4.24466,10.720953
2022-08-18,127.368078,157.546987,160.968696,4.244208,10.721329
2022-08-19,127.46258,157.721176,160.973883,4.243719,10.721704
2022-08-22,127.5607,157.895044,160.978934,4.243192,10.722079
2022-08-23,127.662193,158.068431,160.983849,4.242627,10.722454
2022-08-24,127.76681,158.241176,160.988627,4.242023,10.72283
2022-08-25,127.874295,158.413123,160.99327,4.24138,10.723205
2022-08-26,127.984385,158.584112,160.997777,4.240698,10.72358
2022-08-29,128.096817,158.753989,161.002149,4.239976,10.723956
2022-08-30,128.211319,158.922601,161.006387,4.239214,10.724331
2022-08-31,128.327621,159.089795,161.010491,4.238412,10.724706
2022-09-01,128.445446,159.255423,161.014461,4.23757,10.725082
2022-09-02,128.564518,159.41934,161.018298,4.236688,10.725457
2022-09-05,128.684561,159.581401,161.022003,4.235766,10.725833
2022-09-06,128.805296,159.741468,161.025575,4.234803,10.726208
2022-09-07,128.926446,159.899405,161.029016,4.233801,10.726583
2022-09-08,129.047737,160.055081,161.032325,4.232758,10.726959
2022-09-09,129.168895,160.208366,161.035503,4.231676,10.727334
2022-09-12,129.289649,160.35914,161.038551,4.230554,10.72771
2022-09-13,129.409734,160.507282,161.041469,4.229392,10.728085
2022-09-14,129.528886,160.65268,161.044258,4.228192,10.728461
2022-09-15,129.64685,160.795225,161.046918,4.226953,10.728836
2022-09-16,129.763374,160.934814,161.04945,4.225676,10.729212
2022-09-19,129.878214,161.071351,161.051854,4.224361,10.729587
2022-09-20,129.991134,161.204744,161.05413,4.22301,10.729963
2022-09-21,130.101906,161.334908,161.05628,4.221621,10.730338
2022-09-22,130.210308,161.461763,161.058304,4.220196,10.730714
2022-09-23,130.316132,161.585236,161.060202,4.218736,10.73109
2022-09-26,130.419178,161.705262,161.061975,4.217241,10.731465
2022-09-27,130.519257,161.821781,161.063624,4.215713,10.731841
2022-09-28,130.61619,161.93474,161.065148,4.214151,10.732216
2022-09-29,130.709812,162.044093,161.06655,4.212556,10.732592
2022-09-30,130.79997,162.149801,161.067828,4.21093,10.732968
2022-10-03,130.886523,162.251833,161.068984,4.209274,10.733343
2022-10-04,130.969344,162.350162,161.070019,4.207588,10.733719
2022-10-05,131.04832,162.444773,161.070933,4.205873,10.734095
2022-10-06,131.123351,162.535653,161.071726,4.20413,10.73447
2022-10-07,131.194353,162.622801,161.072399,4.202361,10.734846
2022-10-10,131.261256,162.70622,161.072954,4.200567,10.735222
2022-10-11,131.324004,162.785921,161.073389,4.198748,10.735598
2022-10-12,131.382558,162.861923,161.073707,4.196905,10.735973
2022-10-13,131.436893,162.934252,161.073908,4.195041,10.736349
2022-10-14,131.486999,163.002939,161.073992,4.193156,10.736725
2022-10-17,131.532883,163.068025,161.07396,4.191251,10.737101
2022-10-18,131.574565,163.129557,161.073813,4.189327,10.737476
2022-10-19,131.612083,163.187587,161.073551,4.187387,10.737852
2022-10-20,131.645487,163.242176,161.073176,4.185431,10.738228
2022-10-21,131.674845,163.29339,161.072687,4.18346,10.738604
2022-10-24,131.700238,163.341302,161.072085,4.181477,10.73898
2022-10-25,131.721763,163.385992,161.071371,4.179482,10.739356
2022-10-26,131.739528,163.427545,161.070547,4.177476,10.739732
2022-10-27,131.75366,163.466053,161.069611,4.175461,10.740107
2022-10-28,131.764295,163.501612,161.068566,4.17344,10.740483
2022-10-31,131.771584,163.534324,161.067412,4.171412,10.740859
2022-11-01,131.77569,163.564298,161.06615,4.169379,10.741235
2022-11-02,131.776789,163.591647,161.06478,4.167343,10.741611
2022-11-03,131.775068,163.616487,161.063303,4.165306,10.741987
2022-11-04,131.770724,163.638941,161.06172,4.163268,10.742363
2022-11-07,131.763966,163.659135,161.060031,4.161232,10.742739
2022-11-08,131.755012,163.677199,161.058238,4.159198,10.743115
2022-11-09,131.744088,163.693268,161.05634,4.157169,10.743491
2022-11-10,131.731431,163.70748,161.05434,4.155145,10.743867
2022-11-11,131.717282,163.719975,161.052237,4.153129,10.744243
2022-11-14,131.701893,163.730896,161.050032,4.151121,10.744619
2022-11-15,131.685519,163.74039,161.047727,4.149123,10.744995
2022-11-16,131.668422,163.748606,161.045322,4.147137,10.745371
2022-11-17,131.650869,163.755694,161.042817,4.145164,10.745747
2022-11-18,131.633128,163.761806,161.040213,4.143205,10.746124
2022-11-21,131.615475,163.767096,161.037512,4.141262,10.7465
2022-11-22,131.598184,163.771718,161.034714,4.139337,10.746876
2022-11-23,131.581532,163.775828,161.03182,4.13743,10.747252
2022-11-24,131.565798,163.779582,161.028831,4.135544,10.747628
2022-11-25,131.551259,163.783136,161.025747,4.133678,10.748004
2022-11-28,131.538193,163.786645,161.02257,4.131836,10.748381
2022-11-29,131.526876,163.790265,161.019299,4.130018,10.748757
2022-11-30,131.51758,163.794151,161.015937,4.128225,10.749133
2022-12-01,131.510576,163.798455,161.012483,4.126459,10.749509
2022-12-02,131.50613,163.803331,161.008939,4.124721,10.749885
2022-12-05,131.504505,163.808928,161.005306,4.123012,10.750262
2022-12-06,131.505958,163.815395,161.001584,4.121333,10.750638
2022-12-07,131.510739,163.822878,160.997774,4.119686,10.751014
2022-12-08,131.519092,163.831522,160.993877,4.118072,10.75139
2022-12-09,131.531256,163.841466,160.989894,4.116492,10.751767
2022-12-12,131.547459,163.852849,160.985826,4.114947,10.752143
2022-12-13,131.567924,163.865806,160.981673,4.113437,10.752519
2022-12-14,131.592861,163.880467,160.977437,4.111965,10.752896
2022-12-15,131.622473,163.896959,160.973119,4.110531,10.753272
2022-12-16,131.656954,163.915407,160.968718,4.109136,10.753649
2022-12-19,131.696485,163.935928,160.964237,4.10778,10.754025
2022-12-20,131.741238,163.958637,160.959676,4.106466,10.754401
2022-12-21,131.791371,163.983644,160.955036,4.105193,10.754778
2022-12-22,131.847033,164.011054,160.950318,4.103962,10.755154
2022-12-23,131.90836,164.040966,160.945523,4.102775,10.755531
2022-12-26,131.975474,164.073474,160.940651,4.101631,10.755907
2022-12-27,132.048485,164.108668,160.935704,4.100532,10.756283
2022-12-28,132.12749,164.146631,160.930683,4.099478,10.75666
2022-12-29,132.212573,164.18744,160.925587,4.09847,10.757036
2022-12-30,132.303802,164.231167,160.92042,4.097508,10.757413
2023-01-02,132.401234,164.277878,160.91518,4.096593,10.757789
2023-01-03,132.50491,164.327631,160.90987,4.095726,10.758166
2023-01-04,132.614857,164.380479,160.90449,4.094906,10.758543
2023-01-05,132.731088,164.436471,160.899041,4.094134,10.758919
2023-01-06,132.853601,164.495644,160.893524,4.09341,10.759296
2023-01-09,132.982379,164.558033,160.88794,4.092736,10.759672
2023-01-10,133.117392,164.623666,160.88229,4.09211,10.760049
2023-01-11,133.258595,164.692561,160.876574,4.091533,10.760425
2023-01-12,133.405927,164.764732,160.870795,4.091006,10.760802
2023-01-13,133.559314,164.840187,160.864952,4.090528,10.761179
2023-01-16,133.718668,164.918924,160.859048,4.090099,10.761555
2023-01-17,133.883884,165.000937,160.853082,4.08972,10.761932
2023-01-18,134.054847,165.086211,160.847055,4.08939,10.762309
2023-01-19,134.231425,165.174726,160.840969,4.08911,10.762685
2023-01-20,134.413474,165.266455,160.834825,4.088879,10.763062
2023-01-23,134.600836,165.361362,160.828624,4.088696,10.763439
2023-01-24,134.79334,165.459408,160.822366,4.088563,10.763816
2023-01-25,134.990803,165.560543,160.816052,4.088478,10.764192
2023-01-26,135.193029,165.664713,160.809684,4.088442,10.764569
2023-01-27,135.399811,165.771858,160.803263,4.088453,10.764946
2023-01-30,135.610928,165.88191,160.796789,4.088512,10.765323
2023-01-31,135.826152,165.994796,160.790264,4.088618,10.765699
2023-02-01,136.045241,166.110434,160.783688,4.08877,10.766076
2023-02-02,136.267945,166.228738,160.777063,4.088969,10.766453
2023-02-03,136.494003,166.349617,160.77039,4.089213,10.76683
2023-02-06,136.723147,166.472973,160.763668,4.089502,10.767207
2023-02-07,136.9551,166.5987,160.756901,4.089835,10.767584
2023-02-08,137.189577,166.726691,160.750088,4.090212,10.76796
2023-02-09,137.426287,166.856829,160.74323,4.090632,10.768337
2023-02-10,137.664932,166.988996,160.736329,4.091094,10.768714
2023-02-13,137.905209,167.123065,160.729386,4.091597,10.769091
2023-02-14,138.146811,167.258908,160.722401,4.092141,10.769468
2023-02-15,138.389427,167.39639,160.715376,4.092725,10.769845
2023-02-16,138.63274,167.535372,160.708311,4.093347,10.770222
2023-02-17,138.876436,167.675712,160.701208,4.094007,10.770599
2023-02-20,139.120195,167.817262,160.694068,4.094704,10.770976
2023-02-21,139.363698,167.959872,160.686891,4.095437,10.771353
2023-02-22,139.606628,168.103389,160.679679,4.096204,10.77173
2023-02-23,139.848666,168.247655,160.672433,4.097006,10.772107
2023-02-24,140.089498,168.392512,160.665154,4.09784,10.772484
2023-02-27,140.32881,168.537797,160.657842,4.098706,10.772861
2023-02-28,140.566293,168.683345,160.650499,4.099603,10.773238
2023-03-01,140.801644,168.828991,160.643126,4.100528,10.773615
2023-03-02,141.034565,168.974567,160.635724,4.101483,10.773992
2023-03-03,141.264761,169.119902,160.628294,4.102464,10.774369
2023-03-06,141.49195,169.264827,160.620837,4.10347,10.774746
2023-03-07,141.715852,169.40917,160.613354,4.104502,10.775123
2023-03-08,141.936201,169.552761,160.605846,4.105557,10.775501
2023-03-09,142.152738,169.695428,160.598315,4.106634,10.775878
2023-03-10,142.365215,169.836999,160.59076,4.107731,10.776255
2023-03-13,142.573395,169.977304,160.583184,4.108849,10.776632
2023-03-14,142.777052,170.116173,160.575586,4.109984,10.777009
2023-03-15,142.975976,170.253438,160.567969,4.111137,10.777386
2023-03-16,143.169966,170.388932,160.560334,4.112305,10.777764
2023-03-17,143.358837,170.52249,160.552681,4.113487,10.778141
2023-03-20,143.542419,170.653949,160.545011,4.114683,10.778518
2023-03-21,143.720556,170.783149,160.537325,4.11589,10.778895
2023-03-22,143.893107,170.909932,160.529626,4.117107,10.779273
2023-03-23,144.059948,171.034145,160.521912,4.118334,10.77965
2023-03-24,144.22097,171.155637,160.514187,4.119568,10.780027
2023-03-27,144.376083,171.274262,160.50645,4.120809,10.780405
2023-03-28,144.525211,171.389875,160.498703,4.122054,10.780782
2023-03-29,144.668296,171.502341,160.490947,4.123304,10.781159
2023-03-30,144.805299,171.611524,160.483182,4.124556,10.781537
2023-03-31,144.936195,171.717296,160.47541,4.125809,10.781914
2023-04-03,145.06098,171.819534,160.467633,4.127062,10.782291
2023-04-04,145.179666,171.91812,160.45985,4.128313,10.782669
2023-04-05,145.292281,172.012942,160.452063,4.129562,10.783046
2023-04-06,145.398873,172.103894,160.444274,4.130808,10.783423
2023-04-07,145.499504,172.190876,160.436482,4.132048,10.783801
2023-04-10,145.594256,172.273795,160.42869,4.133282,10.784178
2023-04-11,145.683225,172.352563,160.420898,4.134508,10.784556
2023-04-12,145.766524,172.427102,160.413108,4.135726,10.784933
2023-04-13,145.844284,172.497337,160.405319,4.136934,10.785311
2023-04-14,145.916649,172.563203,160.397534,4.138131,10.785688
2023-04-17,145.983777,172.624641,160.389754,4.139317,10.786066
2023-04-18,146.045845,172.6816,160.381979,4.140489,10.786443
2023-04-19,146.103038,172.734037,160.374211,4.141648,10.786821
2023-04-20,146.155558,172.781915,160.36645,4.142791,10.787198
2023-04-21,146.20362,172.825206,160.358698,4.143918,10.787576
2023-04-24,146.247448,172.86389,160.350956,4.145029,10.787953
2023-04-25,146.28728,172.897954,160.343224,4.146122,10.788331
2023-04-26,146.323362,172.927392,160.335505,4.147196,10.788709
2023-04-27,146.355951,172.952207,160.327798,4.148251,10.789086
2023-04-28,146.385313,172.972411,160.320105,4.149285,10.789464
2023-05-01,146.41172,172.988022,160.312427,4.150298,10.789842
2023-05-02,146.435455,172.999066,160.304765,4.15129,10.790219
2023-05-03,146.456803,173.005577,160.29712,4.152259,10.790597
2023-05-04,146.476057,173.007597,160.289493,4.153205,10.790975
2023-05-05,146.493513,173.005176,160.281885,4.154127,10.791352
2023-05-08,146.509471,172.998368,160.274297,4.155026,10.79173
2023-05-09,146.524235,172.98724,160.266731,4.155899,10.792108
2023-05-10,146.538108,172.971861,160.259187,4.156747,10.792485
2023-05-11,146.551397,172.95231,160.251666,4.15757,10.792863
2023-05-12,146.564407,172.928673,160.244169,4.158367,10.793241
2023-05-15,146.577442,172.90104,160.236698,4.159137,10.793619
2023-05-16,146.590804,172.869511,160.229253,4.159881,10.793996
2023-05-17,146.604794,172.834189,160.221835,4.160597,10.794374
2023-05-18,146.619708,172.795186,160.214446,4.161287,10.794752
2023-05-19,146.635837,172.752617,160.207086,4.16195,10.79513
2023-05-22,146.653469,172.706605,160.199757,4.162585,10.795508
2023-05-23,146.672884,172.657276,160.192459,4.163192,10.795886
2023-05-24,146.694356,172.604764,160.185194,4.163773,10.796263
2023-05-25,146.718151,172.549206,160.177962,4.164326,10.796641
2023-05-26,146.744528,172.490742,160.170765,4.164851,10.797019
2023-05-29,146.773733,172.42952,160.163604,4.16535,10.797397
2023-05-30,146.806008,172.365688,160.156479,4.165821,10.797775
2023-05-31,146.841581,172.2994,160.149392,4.166266,10.798153
2023-06-01,146.880669,172.230812,160.142343,4.166684,10.798531
2023-06-02,146.923478,172.160085,160.135334,4.167075,10.798909
2023-06-05,146.970204,172.08738,160.128365,4.167441,10.799287
2023-06-06,147.021026,172.012863,160.121439,4.167782,10.799665
2023-06-07,147.076113,171.936698,160.114554,4.168097,10.800043
2023-06-08,147.13562,171.859056,160.107714,4.168388,10.800421
2023-06-09,147.199686,171.780105,160.100918,4.168654,10.800799
2023-06-12,147.268439,171.700016,160.094168,4.168897,10.801177
2023-06-13,147.341988,171.61896,160.087464,4.169118,10.801555
2023-06-14,147.42043,171.537108,160.080808,4.169316,10.801933
2023-06-15,147.503846,171.454633,160.0742,4.169492,10.802311
2023-06-16,147.5923,171.371705,160.067643,4.169648,10.802689
2023-06-19,147.68584,171.288495,160.061135,4.169783,10.803067
2023-06-20,147.784501,171.205174,160.054679,4.169899,10.803445
2023-06-21,147.888297,171.121908,160.048276,4.169997,10.803823
2023-06-22,147.997231,171.038865,160.041926,4.170077,10.804202
2023-06-23,148.111285,170.956209,160.035631,4.170141,10.80458
2023-06-26,148.230427,170.874105,160.029391,4.170188,10.804958
2023-06-27,148.354608,170.79271,160.023208,4.170221,10.805336
2023-06-28,148.483763,170.712184,160.017081,4.17024,10.805714
2023-06-29,148.61781,170.63268,160.011014,4.170246,10.806092
2023-06-30,148.756652,170.554349,160.005005,4.17024,10.806471
2023-07-03,148.900176,170.477339,159.999057,4.170224,10.806849
2023-07-04,149.048251,170.401793,159.993169,4.170198,10.807227
2023-07-05,149.200734,170.32785,159.987344,4.170163,10.807605
2023-07-06,149.357465,170.255646,159.981582,4.170121,10.807984
2023-07-07,149.518268,170.18531,159.975884,4.170073,10.808362
2023-07-10,149.682955,170.116969,159.970251,4.17002,10.80874
2023-07-11,149.851322,170.050743,159.964684,4.169962,10.809119
2023-07-12,150.023152,169.986746,159.959184,4.169903,10.809497
2023-07-13,150.198216,169.92509,159.953751,4.169841,10.809875
2023-07-14,150.37627,169.865878,159.948387,4.16978,10.810254
2023-07-17,150.557061,169.809209,159.943093,4.169719,10.810632
2023-07-18,150.740321,169.755175,159.937869,4.169661,10.81101
2023-07-19,150.925774,169.703862,159.932716,4.169606,10.811389
2023-07-20,151.113133,169.655351,159.927636,4.169556,10.811767
2023-07-21,151.302101,169.609716,159.922629,4.169512,10.812146
2023-07-24,151.492372,169.567024,159.917696,4.169476,10.812524
2023-07-25,151.683634,169.527335,159.912838,4.169448,10.812902
2023-07-26,151.875566,169.490704,159.908056,4.16943,10.813281
2023-07-27,152.067842,169.457178,159.903351,4.169422,10.813659
2023-07-28,152.260128,169.426797,159.898723,4.169428,10.814038
2023-07-31,152.452088,169.399595,159.894175,4.169446,10.814416
2023-08-01,152.643382,169.375598,159.889705,4.16948,10.814795
2023-08-02,152.833667,169.354827,159.885316,4.16953,10.815173
2023-08-03,153.022596,169.337293,159.881008,4.169597,10.815552
2023-08-04,153.209825,169.323003,159.876782,4.169683,10.81593
2023-08-07,153.395007,169.311954,159.872639,4.169788,10.816309
2023-08-08,153.577796,169.304138,159.86858,4.169914,10.816688
2023-08-09,153.757851,169.299541,159.864605,4.170063,10.817066
2023-08-10,153.934832,169.298138,159.860716,4.170234,10.817445
2023-08-11,154.108401,169.299902,159.856913,4.17043,10.817823
2023-08-14,154.27823,169.304796,159.853197,4.170652,10.818202
2023-08-15,154.443992,169.312776,159.84957,4.1709,10.818581
2023-08-16,154.60537,169.323794,159.846031,4.171176,10.818959
2023-08-17,154.762054,169.337792,159.842582,4.17148,10.819338
2023-08-18,154.913743,169.354708,159.839223,4.171815,10.819717
2023-08-21,155.060145,169.374474,159.835955,4.17218,10.820095
2023-08-22,155.20098,169.397012,159.83278,4.172576,10.820474
2023-08-23,155.335979,169.422242,159.829698,4.173006,10.820853
2023-08-24,155.464884,169.450076,159.826709,4.173468,10.821232
2023-08-25,155.587453,169.48042,159.823815,4.173966,10.82161
2023-08-28,155.703456,169.513175,159.821016,4.174498,10.821989
2023-08-29,155.812678,169.548237,159.818313,4.175067,10.822368
2023-08-30,155.91492,169.585495,159.815707,4.175672,10.822747
2023-08-31,156.009998,169.624835,159.813199,4.176315,10.823125
2023-09-01,156.097746,169.666136,159.810789,4.176996,10.823504
2023-09-04,156.178015,169.709274,159.808479,4.177716,10.823883
2023-09-05,156.250672,169.754119,159.806268,4.178476,10.824262
2023-09-06,156.315604,169.800538,159.804158,4.179276,10.824641
2023-09-07,156.372715,169.848395,159.80215,4.180116,10.82502
2023-09-08,156.42193,169.897547,159.800244,4.180997,10.825399
2023-09-11,156.46319,169.94785,159.798441,4.181921,10.825777
2023-09-12,156.496459,169.999156,159.796742,4.182886,10.826156
2023-09-13,156.521716,170.051315,159.795147,4.183893,10.826535
2023-09-14,156.538963,170.104173,159.793657,4.184943,10.826914
2023-09-15,156.54822,170.157575,159.792273,4.186037,10.827293
2023-09-18,156.549527,170.211363,159.790996,4.187173,10.827672
2023-09-19,156.542942,170.265378,159.789827,4.188353,10.828051
2023-09-20,156.528542,170.319458,159.788765,4.189577,10.82843
2023-09-21,156.506426,170.373441,159.787812,4.190844,10.828809
2023-09-22,156.476707,170.427165,159.786969,4.192155,10.829188
2023-09-25,156.439519,170.480466,159.786235,4.19351,10.829567
2023-09-26,156.395013,170.533181,159.785613,4.194908,10.829946
2023-09-27,156.343357,170.585145,159.785102,4.19635,10.830325
2023-09-28,156.284736,170.636197,159.784704,4.197836,10.830704
2023-09-29,156.21935,170.686173,159.784418,4.199365,10.831083
2023-10-02,156.147416,170.734913,159.784246,4.200937,10.831462
2023-10-03,156.069164,170.782256,159.784188,4.202552,10.831842
2023-10-04,155.98484,170.828046,159.784245,4.204209,10.832221
2023-10-05,155.894701,170.872125,159.784417,4.205909,10.8326
2023-10-06,155.799019,170.914341,159.784706,4.207651,10.832979
2023-10-09,155.698074,170.954543,159.785111,4.209433,10.833358
2023-10-10,155.592161,170.992583,159.785634,4.211257,10.833737
2023-10-11,155.48158,171.028316,159.786275,4.213121,10.834117
2023-10-12,155.366644,171.061602,159.787034,4.215024,10.834496
2023-10-13,155.247673,171.092304,159.787913,4.216967,10.834875
2023-10-16,155.124991,171.12029,159.788912,4.218948,10.835254
2023-10-17,154.998931,171.14543,159.790031,4.220966,10.835633
2023-10-18,154.869831,171.167603,159.791272,4.223022,10.836013
2023-10-19,154.738032,171.186689,159.792634,4.225114,10.836392
2023-10-20,154.603877,171.202575,159.794118,4.22724,10.836771
2023-10-23,154.467713,171.215155,159.795726,4.229402,10.837151
2023-10-24,154.329887,171.224325,159.797456,4.231596,10.83753
2023-10-25,154.190746,171.229992,159.799311,4.233823,10.837909
2023-10-26,154.050637,171.232064,159.80129,4.236082,10.838288
2023-10-27,153.909904,171.230459,159.803395,4.238371,10.838668
2023-10-30,153.768888,171.225102,159.805625,4.240689,10.839047
2023-10-31,153.627928,171.21592,159.807981,4.243036,10.839427
2023-11-01,153.487356,171.202853,159.810464,4.245409,10.839806
2023-11-02,153.3475,171.185844,159.813074,4.247809,10.840185
2023-11-03,153.208682,171.164845,159.815813,4.250233,10.840565
2023-11-06,153.071214,171.139814,159.818679,4.252681,10.840944
2023-11-07,152.935404,171.110718,159.821674,4.255151,10.841324
2023-11-08,152.801548,171.07753,159.824799,4.257642,10.841703
2023-11-09,152.669933,171.040232,159.828054,4.260152,10.842083
2023-11-10,152.540837,170.998812,159.831438,4.262681,10.842462
2023-11-13,152.414526,170.953266,159.834954,4.265226,10.842842
2023-11-14,152.291255,170.9036,159.838601,4.267787,10.843221
2023-11-15,152.171267,170.849823,159.84238,4.270362,10.843601
2023-11-16,152.05479,170.791957,159.846291,4.27295,10.84398
2023-11-17,151.942041,170.730026,159.850335,4.275548,10.84436
2023-11-20,151.833223,170.664067,159.854512,4.278156,10.844739
2023-11-21,151.728524,170.594122,159.858822,4.280773,10.845119
2023-11-22,151.628118,170.520238,159.863267,4.283396,10.845498
2023-11-23,151.532163,170.442473,159.867846,4.286024,10.845878
2023-11-24,151.440803,170.360891,159.87256,4.288656,10.846258
2023-11-27,151.354164,170.275562,159.87741,4.29129,10.846637
2023-11-28,151.272358,170.186565,159.882395,4.293925,10.847017
2023-11-29,151.195481,170.093984,159.887517,4.296558,10.847396
2023-11-30,151.123611,169.997909,159.892775,4.299189,10.847776
2023-12-01,151.056811,169.898439,159.89817,4.301816,10.848156
2023-12-04,150.995126,169.795676,159.903702,4.304437,10.848535
2023-12-05,150.938585,169.689731,159.909372,4.307052,10.848915
2023-12-06,150.887202,169.580719,159.915181,4.309657,10.849295
2023-12-07,150.840971,169.468761,159.921127,4.312252,10.849675
2023-12-08,150.799871,169.353983,159.927213,4.314835,10.850054
2023-12-11,150.763865,169.236516,159.933438,4.317405,10.850434
2023-12-12,150.732898,169.116496,159.939803,4.31996,10.850814
2023-12-13,150.706902,168.994064,159.946307,4.322498,10.851194
2023-12-14,150.685789,168.869364,159.952952,4.325019,10.851574
2023-12-15,150.669457,168.742544,159.959738,4.32752,10.851953
2023-12-18,150.65779,168.613758,159.966664,4.33,10.852333
2023-12-19,150.650653,168.48316,159.973731,4.332459,10.852713
2023-12-20,150.647901,168.350909,159.980941,4.334893,10.853093
2023-12-21,150.64937,168.217166,159.988292,4.337302,10.853473
2023-12-22,150.654886,168.082095,159.995785,4.339685,10.853853
2023-12-25,150.664258,167.945862,160.00342,4.34204,10.854232
2023-12-26,150.677284,167.808634,160.011199,4.344366,10.854612
2023-12-27,150.69375,167.67058,160.01912,4.346662,10.854992
2023-12-28,150.713429,167.531869,160.027185,4.348925,10.855372
2023-12-29,150.736083,167.392674,160.035393,4.351156,10.855752
2024-01-01,150.761464,167.253164,160.043745,4.353353,10.856132
2024-01-02,150.789312,167.113513,160.052241,4.355514,10.856512
2024-01-03,150.81936,166.97389,160.060882,4.357639,10.856892
2024-01-04,150.851332,166.834468,160.069667,4.359726,10.857272
2024-01-05,150.884944,166.695415,160.078596,4.361774,10.857652
2024-01-08,150.919905,166.556901,160.087671,4.363783,10.858032
2024-01-09,150.955917,166.419095,160.096891,4.365751,10.858412
2024-01-10,150.992678,166.28216,160.106256,4.367678,10.858792
2024-01-11,151.029881,166.146263,160.115767,4.369562,10.859172
2024-01-12,151.067216,166.011564,160.125424,4.371403,10.859552
2024-01-15,151.104368,165.878222,160.135226,4.3732,10.859932
2024-01-16,151.141024,165.746395,160.145175,4.374951,10.860313
2024-01-17,151.176867,165.616234,160.15527,4.376657,10.860693
2024-01-18,151.21158,165.487891,160.165512,4.378317,10.861073
2024-01-19,151.244849,165.361512,160.1759,4.37993,10.861453
2024-01-22,151.276361,165.237239,160.186435,4.381496,10.861833
2024-01-23,151.305805,165.11521,160.197118,4.383013,10.862213
2024-01-24,151.332875,164.99556,160.207947,4.384482,10.862593
2024-01-25,151.357269,164.878419,160.218923,4.385902,10.862974
2024-01-26,151.378691,164.763911,160.230047,4.387273,10.863354
2024-01-29,151.396851,164.652156,160.241318,4.388594,10.863734
2024-01-30,151.411467,164.543269,160.252737,4.389865,10.864114
2024-01-31,151.422266,164.437361,160.264304,4.391086,10.864495
2024-02-01,151.428982,164.334534,160.276018,4.392257,10.864875
2024-02-02,151.431361,164.234887,160.287881,4.393377,10.865255
2024-02-05,151.42916,164.138514,160.299891,4.394447,10.865635
2024-02-06,151.422147,164.045501,160.312049,4.395467,10.866016
2024-02-07,151.410101,163.955929,160.324355,4.396436,10.866396
2024-02-08,151.392817,163.869872,160.33681,4.397355,10.866776
2024-02-09,151.370102,163.7874,160.349412,4.398224,10.867157
2024-02-12,151.341778,163.708573,160.362163,4.399043,10.867537
2024-02-13,151.307681,163.633447,160.375063,4.399812,10.867917
2024-02-14,151.267665,163.562072,160.38811,4.400532,10.868298
2024-02-15,151.221599,163.49449,160.401306,4.401202,10.868678
2024-02-16,151.169366,163.430737,160.41465,4.401824,10.869059
2024-02-19,151.11087,163.370842,160.428143,4.402398,10.869439
2024-02-20,151.046031,163.314827,160.441784,4.402924,10.869819
2024-02-21,150.974784,163.262708,160.455574,4.403403,10.8702
2024-02-22,150.897086,163.214494,160.469512,4.403836,10.87058
2024-02-23,150.81291,163.170188,160.483598,4.404222,10.870961
2024-02-26,150.722246,163.129784,160.497832,4.404564,10.871341
2024-02-27,150.625104,163.093272,160.512215,4.40486,10.871722
2024-02-28,150.521511,163.060633,160.526746,4.405113,10.872102
2024-02-29,150.411514,163.031844,160.541425,4.405323,10.872483
2024-03-01,150.295175,163.006872,160.556253,4.405492,10.872863
2024-03-04,150.172577,162.985681,160.571228,4.405618,10.873244
2024-03-05,150.043818,162.968226,160.586352,4.405705,10.873625
2024-03-06,149.909015,162.954456,160.601623,4.405753,10.874005
2024-03-07,149.768301,162.944316,160.617043,4.405762,10.874386
2024-03-08,149.621827,162.937742,160.63261,4.405734,10.874766
2024-03-11,149.469757,162.934665,160.648325,4.405669,10.875147
2024-03-12,149.312273,162.935011,160.664187,4.40557,10.875528
2024-03-13,149.149573,162.938698,160.680197,4.405437,10.875908
2024-03-14,148.981866,162.945642,160.696354,4.405271,10.876289
2024-03-15,148.809378,162.955749,160.712659,4.405073,10.87667
2024-03-18,148.632347,162.968923,160.729111,4.404845,10.87705
2024-03-19,148.451023,162.985062,160.745709,4.404588,10.877431
2024-03-20,148.265668,163.004059,160.762455,4.404304,10.877812
2024-03-21,148.076555,163.025802,160.779347,4.403992,10.878192
2024-03-22,147.883966,163.050174,160.796385,4.403655,10.878573
2024-03-25,147.688194,163.077055,160.81357,4.403295,10.878954
2024-03-26,147.489539,163.10632,160.830901,4.402911,10.879335
2024-03-27,147.288308,163.13784,160.848378,4.402507,10.879716
2024-03-28,147.084817,163.171482,160.866001,4.402083,10.880096
2024-03-29,146.879386,163.207111,160.88377,4.40164,10.880477
2024-04-01,146.672339,163.244587,160.901684,4.401179,10.880858
2024-04-02,146.464006,163.283769,160.919743,4.400703,10.881239
2024-04-03,146.254717,163.324512,160.937947,4.400213,10.88162
2024-04-04,146.044808,163.366669,160.956295,4.39971,10.882
2024-04-05,145.834613,163.41009,160.974789,4.399195,10.882381
2024-04-08,145.624467,163.454625,160.993426,4.398669,10.882762
2024-04-09,145.414705,163.50012,161.012208,4.398135,10.883143
2024-04-10,145.20566,163.546423,161.031133,4.397594,10.883524
2024-04-11,144.997662,163.593378,161.050202,4.397046,10.883905
2024-04-12,144.791039,163.640829,161.069414,4.396494,10.884286
2024-04-15,144.586113,163.688621,161.08877,4.395939,10.884667
2024-04-16,144.383203,163.736597,161.108268,4.395381,10.885048
2024-04-17,144.182622,163.784602,161.127908,4.394823,10.885429
2024-04-18,143.984675,163.832481,161.14769,4.394266,10.88581
2024-04-19,143.789662,163.880079,161.167615,4.39371,10.886191
2024-04-22,143.597872,163.927242,161.187681,4.393158,10.886572
2024-04-23,143.409589,163.973819,161.207888,4.39261,10.886953
2024-04-24,143.225085,164.019659,161.228236,4.392069,10.887334
2024-04-25,143.044623,164.064614,161.248724,4.391534,10.887715
2024-04-26,142.868456,164.108539,161.269353,4.391008,10.888096
2024-04-29,142.696825,164.15129,161.290121,4.390491,10.888477
2024-04-30,142.52996,164.192727,161.31103,4.389985,10.888858
2024-05-01,142.368078,164.232713,161.332077,4.38949,10.889239
2024-05-02,142.211385,164.271114,161.353263,4.389009,10.889621
2024-05-03,142.060073,164.307801,161.374588,4.388541,10.890002
2024-05-06,141.914321,164.342646,161.39605,4.388088,10.890383
2024-05-07,141.774293,164.37553,161.417651,4.387652,10.890764
2024-05-08,141.64014,164.406334,161.439389,4.387232,10.891145
2024-05-09,141.512,164.434948,161.461263,4.38683,10.891526
2024-05-10,141.389994,164.461262,161.483274,4.386448,10.891908
2024-05-13,141.274229,164.485177,161.505422,4.386084,10.892289
2024-05-14,141.164797,164.506594,161.527705,4.385742,10.89267
2024-05-15,141.061775,164.525423,161.550123,4.38542,10.893051
2024-05-16,140.965226,164.54158,161.572676,4.385121,10.893433
2024-05-17,140.875194,164.554986,161.595363,4.384845,10.893814
2024-05-20,140.791711,164.565567,161.618185,4.384592,10.894195
2024-05-21,140.714793,164.573258,161.64114,4.384363,10.894576
2024-05-22,140.644438,164.577999,161.664228,4.384159,10.894958
2024-05-23,140.580633,164.579736,161.687448,4.38398,10.895339
2024-05-24,140.523346,164.578425,161.710801,4.383826,10.89572
2024-05-27,140.472531,164.574024,161.734285,4.383699,10.896102
2024-05-28,140.428128,164.566502,161.757901,4.383599,10.896483
2024-05-29,140.390061,164.555833,161.781647,4.383525,10.896865
2024-05-30,140.35824,164.541999,161.805523,4.383479,10.897246
2024-05-31,140.33256,164.524989,161.829529,4.38346,10.897627
2024-06-03,140.312902,164.504799,161.853664,4.383469,10.898009
2024-06-04,140.299135,164.481432,161.877928,4.383506,10.89839
2024-06-05,140.291113,164.454899,161.90232,4.383571,10.898772
2024-06-06,140.288676,164.425216,161.92684,4.383663,10.899153
2024-06-07,140.291654,164.39241,161.951487,4.383785,10.899535
2024-06-10,140.299863,164.356511,161.97626,4.383934,10.899916
2024-06-11,140.313108,164.317558,162.001159,4.384111,10.900298
2024-06-12,140.331183,164.275598,162.026184,4.384317,10.900679
2024-06-13,140.353869,164.230683,162.051333,4.38455,10.901061
2024-06-14,140.380942,164.182872,162.076607,4.38481,10.901442
2024-06-17,140.412162,164.132231,162.102005,4.385099,10.901824
2024-06-18,140.447286,164.078832,162.127526,4.385414,10.902205
2024-06-19,140.48606,164.022756,162.153169,4.385755,10.902587
2024-06-20,140.528221,163.964086,162.178934,4.386124,10.902969
2024-06-21,140.573502,163.902913,162.204821,4.386518,10.90335
2024-06-24,140.621628,163.839336,162.230829,4.386937,10.903732
2024-06-25,140.672319,163.773455,162.256956,4.387382,10.904113
2024-06-26,140.725291,163.705379,162.283204,4.38785,10.904495
2024-06-27,140.780254,163.63522,162.30957,4.388343,10.904877
2024-06-28,140.836918,163.563098,162.336055,4.388858,10.905258
2024-07-01,140.894986,163.489135,162.362657,4.389396,10.90564
2024-07-02,140.954165,163.413458,162.389376,4.389955,10.906022
2024-07-03,141.014157,163.336198,162.416212,4.390535,10.906403
2024-07-04,141.074666,163.257492,162.443163,4.391135,10.906785
2024-07-05,141.135397,163.177477,162.47023,4.391755,10.907167
2024-07-08,141.196055,163.096298,162.497411,4.392393,10.907549
2024-07-09,141.25635,163.014099,162.524706,4.393048,10.90793
2024-07-10,141.315994,162.931029,162.552114,4.393719,10.908312
2024-07-11,141.374703,162.847239,162.579634,4.394406,10.908694
2024-07-12,141.432201,162.762884,162.607266,4.395107,10.909076
2024-07-15,141.488213,162.678117,162.63501,4.395822,10.909458
2024-07-16,141.542475,162.593096,162.662863,4.396549,10.90984
2024-07-17,141.594729,162.50798,162.690826,4.397287,10.910221
2024-07-18,141.644725,162.422928,162.718898,4.398035,10.910603
2024-07-19,141.692224,162.338101,162.747079,4.398791,10.910985
2024-07-22,141.736994,162.253658,162.775366,4.399556,10.911367
2024-07-23,141.778815,162.169762,162.803761,4.400326,10.911749
2024-07-24,141.817479,162.086573,162.832262,4.401102,10.912131
2024-07-25,141.852788,162.004251,162.860868,4.401882,10.912513
2024-07-26,141.884559,161.922956,162.889578,4.402664,10.912895
2024-07-29,141.91262,161.842847,162.918393,4.403448,10.913277
2024-07-30,141.936814,161.764081,162.94731,4.404232,10.913659
2024-07-31,141.956997,161.686813,162.97633,4.405014,10.914041
2024-08-01,141.973041,161.611199,163.005451,4.405794,10.914423
2024-08-02,141.984831,161.537389,163.034673,4.40657,10.914805
2024-08-05,141.992269,161.465534,163.063995,4.407341,10.915187
2024-08-06,141.995274,161.395779,163.093417,4.408104,10.915569
2024-08-07,141.993777,161.32827,163.122937,4.40886,10.915951
2024-08-08,141.987729,161.263145,163.152554,4.409606,10.916333
2024-08-09,141.977096,161.200544,163.182268,4.410342,10.916715
2024-08-12,141.96186,161.140599,163.212079,4.411065,10.917097
2024-08-13,141.942021,161.08344,163.241985,4.411775,10.917479
2024-08-14,141.917594,161.029193,163.271985,4.412469,10.917861
2024-08-15,141.888611,160.977979,163.302078,4.413148,10.918243
2024-08-16,141.855121,160.929916,163.332265,4.413808,10.918626
2024-08-19,141.817189,160.885116,163.362544,4.41445,10.919008
2024-08-20,141.774897,160.843685,163.392913,4.415071,10.91939
2024-08-21,141.728341,160.805726,163.423374,4.415671,10.919772
2024-08-22,141.677635,160.771337,163.453923,4.416248,10.920154
2024-08-23,141.622905,160.740608,163.484561,4.4168,10.920536
2024-08-26,141.564295,160.713627,163.515287,4.417327,10.920919
2024-08-27,141.501961,160.690473,163.5461,4.417827,10.921301
2024-08-28,141.436075,160.67122,163.577,4.418299,10.921683
2024-08-29,141.366821,160.655939,163.607984,4.418742,10.922065
2024-08-30,141.294397,160.644692,163.639052,4.419154,10.922448
2024-09-02,141.219012,160.637534,163.670205,4.419534,10.92283
2024-09-03,141.140886,160.634517,163.701439,4.419882,10.923212
2024-09-04,141.060252,160.635684,163.732756,4.420196,10.923595
2024-09-05,140.977352,160.641073,163.764153,4.420475,10.923977
2024-09-06,140.892438,160.650715,163.795631,4.420717,10.924359
2024-09-09,140.80577,160.664635,163.827187,4.420923,10.924742
2024-09-10,140.717617,160.682851,163.858822,4.42109,10.925124
2024-09-11,140.628254,160.705375,163.890533,4.421219,10.925506
2024-09-12,140.537963,160.732211,163.922322,4.421308,10.925889
2024-09-13,140.447033,160.763358,163.954185,4.421355,10.926271
2024-09-16,140.355755,160.798808,163.986123,4.421362,10.926654
2024-09-17,140.264426,160.838545,164.018135,4.421325,10.927036
2024-09-18,140.173346,160.882549,164.050219,4.421246,10.927419
2024-09-19,140.082816,160.930792,164.082376,4.421122,10.927801
2024-09-20,139.993139,160.983239,164.114603,4.420955,10.928183
2024-09-23,139.904619,161.03985,164.1469,4.420741,10.928566
2024-09-24,139.81756,161.100576,164.179265,4.420483,10.928948
2024-09-25,139.732264,161.165366,164.211699,4.420178,10.929331
2024-09-26,139.649032,161.234158,164.2442,4.419826,10.929714
2024-09-27,139.568162,161.306887,164.276767,4.419427,10.930096
2024-09-30,139.489948,161.383482,164.3094,4.41898,10.930479
2024-10-01,139.414681,161.463864,164.342096,4.418485,10.930861
2024-10-02,139.342646,161.54795,164.374856,4.417943,10.931244
2024-10-03,139.274123,161.63565,164.407678,4.417351,10.931626
2024-10-04,139.209386,161.726869,164.440561,4.416712,10.932009
2024-10-07,139.148699,161.821509,164.473504,4.416023,10.932392
2024-10-08,139.092323,161.919462,164.506507,4.415286,10.932774
2024-10-09,139.040507,162.020619,164.539569,4.4145,10.933157
2024-10-10,138.993492,162.124864,164.572687,4.413665,10.93354
2024-10-11,138.95151,162.232078,164.605862,4.412781,10.933922
2024-10-14,138.914783,162.342136,164.639093,4.411848,10.934305
2024-10-15,138.88352,162.454909,164.672378,4.410868,10.934688
2024-10-16,138.857921,162.570265,164.705716,4.409839,10.93507
2024-10-17,138.838175,162.688068,164.739107,4.408762,10.935453
2024-10-18,138.824457,162.808176,164.772549,4.407637,10.935836
2024-10-21,138.816931,162.930446,164.806042,4.406466,10.936219
2024-10-22,138.815746,163.054733,164.839584,4.405247,10.936601
2024-10-23,138.821039,163.180886,164.873174,4.403983,10.936984
2024-10-24,138.832935,163.308753,164.906812,4.402672,10.937367
2024-10-25,138.851542,163.438181,164.940496,4.401317,10.93775
2024-10-28,138.876957,163.569012,164.974225,4.399917,10.938133
2024-10-29,138.909259,163.701089,165.007999,4.398473,10.938515
2024-10-30,138.948516,163.834251,165.041816,4.396987,10.938898
2024-10-31,138.994779,163.968338,165.075676,4.395458,10.939281
2024-11-01,139.048084,164.103189,165.109576,4.393887,10.939664
2024-11-04,139.108454,164.23864,165.143517,4.392276,10.940047
2024-11-05,139.175896,164.374529,165.177497,4.390625,10.94043
2024-11-06,139.2504,164.510694,165.211515,4.388936,10.940813
2024-11-07,139.331943,164.646972,165.245571,4.387209,10.941196
2024-11-08,139.420487,164.7832,165.279662,4.385445,10.941579
2024-11-11,139.515977,164.919219,165.313788,4.383645,10.941962
2024-11-12,139.618346,165.054868,165.347948,4.381812,10.942345
2024-11-13,139.727509,165.189989,165.382142,4.379944,10.942728
2024-11-14,139.843368,165.324426,165.416367,4.378045,10.943111
2024-11-15,139.96581,165.458024,165.450622,4.376115,10.943494
2024-11-18,140.09471,165.590633,165.484908,4.374155,10.943877
2024-11-19,140.229924,165.722102,165.519222,4.372166,10.94426
2024-11-20,140.3713,165.852285,165.553564,4.370151,10.944643
2024-11-21,140.518668,165.98104,165.587932,4.36811,10.945026
2024-11-22,140.671847,166.108228,165.622326,4.366044,10.945409
2024-11-25,140.830644,166.233713,165.656744,4.363956,10.945792
2024-11-26,140.994852,166.357365,165.691186,4.361846,10.946175
2024-11-27,141.164253,166.479055,165.72565,4.359716,10.946558
2024-11-28,141.338618,166.598664,165.760135,4.357567,10.946941
2024-11-29,141.517707,166.716072,165.79464,4.355401,10.947325
2024-12-02,141.701269,166.831168,165.829165,4.353219,10.947708
2024-12-03,141.889045,166.943846,165.863707,4.351023,10.948091
2024-12-04,142.080764,167.054005,165.898266,4.348815,10.948474
2024-12-05,142.27615,167.161549,165.932841,4.346595,10.948857
2024-12-06,142.474917,167.266389,165.967431,4.344366,10.94924
2024-12-09,142.676773,167.368442,166.002035,4.342129,10.949624
2024-12-10,142.881417,167.467633,166.036651,4.339885,10.950007
2024-12-11,143.088547,167.56389,166.071279,4.337636,10.95039
2024-12-12,143.297852,167.65715,166.105917,4.335384,10.950773
2024-12-13,143.50902,167.747358,166.140564,4.33313,10.951157
2024-12-16,143.721732,167.834462,166.17522,4.330876,10.95154
2024-12-17,143.93567,167.918422,166.209882,4.328624,10.951923
2024-12-18,144.150513,167.9992,166.244551,4.326374,10.952307
2024-12-19,144.365939,168.07677,166.279225,4.324129,10.95269
2024-12-20,144.581626,168.15111,166.313903,4.321889,10.953073
2024-12-23,144.797254,168.222207,166.348583,4.319658,10.953457
2024-12-24,145.012504,168.290054,166.383266,4.317435,10.95384
2024-12-25,145.22706,168.354653,166.417949,4.315223,10.954224
2024-12-26,145.44061,168.416011,166.452631,4.313023,10.954607
2024-12-27,145.652844,168.474145,166.487312,4.310836,10.95499
2024-12-30,145.863461,168.529078,166.52199,4.308665,10.955374
2024-12-31,146.072165,168.58084,166.556664,4.30651,10.955757
